epoch,time,train/box_loss,train/cls_loss,train/dfl_loss,metrics/precision(B),metrics/recall(B),metrics/mAP50(B),metrics/mAP50-95(B),val/box_loss,val/cls_loss,val/dfl_loss,lr/pg0,lr/pg1,lr/pg2,run,train/rsl_loss,val/rsl_loss
1,32.3326,1.43553,1.6573,1.40128,0.65891,0.58999,0.6268,0.37445,1.40341,1.37082,1.41226,0.000207225,0.000207225,0.000207225,1_baseline_yolov8s,,
2,64.0788,1.42583,1.53532,1.40851,0.55691,0.50326,0.52161,0.29258,1.50425,1.64427,1.49612,0.000411444,0.000411444,0.000411444,1_baseline_yolov8s,,
3,95.6733,1.48537,1.65055,1.48119,0.55175,0.51278,0.51021,0.27583,1.58219,1.68347,1.5897,0.000611539,0.000611539,0.000611539,1_baseline_yolov8s,,
4,130.265,1.48036,1.67212,1.48949,0.58343,0.50242,0.51415,0.28412,1.58547,1.68528,1.6159,0.000606437,0.000606437,0.000606437,1_baseline_yolov8s,,
5,166.328,1.47039,1.61576,1.47487,0.59557,0.51624,0.53011,0.29553,1.54824,1.59553,1.55204,0.00060025,0.00060025,0.00060025,1_baseline_yolov8s,,
6,200.153,1.44489,1.57277,1.46237,0.60592,0.51982,0.54058,0.30433,1.54253,1.59272,1.56119,0.000594062,0.000594062,0.000594062,1_baseline_yolov8s,,
7,233.748,1.4295,1.53335,1.44847,0.61364,0.54139,0.56865,0.32485,1.52153,1.54518,1.54226,0.000587875,0.000587875,0.000587875,1_baseline_yolov8s,,
8,267.159,1.40616,1.4674,1.43817,0.60856,0.53012,0.56348,0.32437,1.52803,1.50582,1.54874,0.000581687,0.000581687,0.000581687,1_baseline_yolov8s,,
9,301.044,1.39305,1.4474,1.42877,0.65306,0.53507,0.573,0.3241,1.54734,1.48502,1.56005,0.0005755,0.0005755,0.0005755,1_baseline_yolov8s,,
10,334.555,1.36311,1.39013,1.40259,0.65359,0.54582,0.59305,0.3446,1.51612,1.48079,1.54048,0.000569313,0.000569313,0.000569313,1_baseline_yolov8s,,
11,368.214,1.35219,1.35665,1.3934,0.62436,0.55271,0.58788,0.34327,1.49899,1.47412,1.517,0.000563125,0.000563125,0.000563125,1_baseline_yolov8s,,
12,401.825,1.34995,1.34183,1.38797,0.62691,0.5715,0.61047,0.35326,1.49505,1.4049,1.51633,0.000556938,0.000556938,0.000556938,1_baseline_yolov8s,,
13,434.077,1.33465,1.28369,1.37045,0.66121,0.56627,0.61024,0.35955,1.45936,1.39435,1.49048,0.00055075,0.00055075,0.00055075,1_baseline_yolov8s,,
14,465.216,1.30378,1.24627,1.35814,0.66241,0.58227,0.62322,0.36164,1.46742,1.35903,1.481,0.000544563,0.000544563,0.000544563,1_baseline_yolov8s,,
15,496.261,1.29496,1.23008,1.34501,0.68436,0.58333,0.63923,0.38354,1.44133,1.31855,1.47143,0.000538375,0.000538375,0.000538375,1_baseline_yolov8s,,
16,527.352,1.28888,1.1876,1.33778,0.68237,0.57515,0.63476,0.38268,1.44435,1.32486,1.47591,0.000532187,0.000532187,0.000532187,1_baseline_yolov8s,,
17,558.446,1.2879,1.19448,1.34399,0.7044,0.56299,0.63294,0.37521,1.47091,1.36121,1.48597,0.000526,0.000526,0.000526,1_baseline_yolov8s,,
18,589.637,1.27528,1.17141,1.32923,0.65467,0.58479,0.62514,0.37008,1.46631,1.32529,1.46488,0.000519812,0.000519812,0.000519812,1_baseline_yolov8s,,
19,622.363,1.25043,1.14226,1.31125,0.70627,0.58063,0.64042,0.38579,1.46749,1.2998,1.48438,0.000513625,0.000513625,0.000513625,1_baseline_yolov8s,,
20,654.696,1.24391,1.13837,1.31184,0.67877,0.57997,0.63483,0.38421,1.44775,1.31492,1.46413,0.000507438,0.000507438,0.000507438,1_baseline_yolov8s,,
21,687.041,1.23835,1.10536,1.30315,0.69594,0.59947,0.6538,0.38911,1.4556,1.2508,1.4637,0.00050125,0.00050125,0.00050125,1_baseline_yolov8s,,
22,719.237,1.23253,1.079,1.2975,0.71324,0.58747,0.65436,0.39372,1.4407,1.26211,1.46896,0.000495063,0.000495063,0.000495063,1_baseline_yolov8s,,
23,753.658,1.21621,1.06478,1.29109,0.6782,0.60296,0.6516,0.39203,1.45403,1.26075,1.46341,0.000488875,0.000488875,0.000488875,1_baseline_yolov8s,,
24,788.125,1.19997,1.04223,1.27725,0.71774,0.60621,0.66603,0.40237,1.42812,1.23796,1.44712,0.000482687,0.000482687,0.000482687,1_baseline_yolov8s,,
25,822.159,1.20032,1.02436,1.27512,0.71136,0.58667,0.65206,0.38958,1.4688,1.27268,1.47179,0.0004765,0.0004765,0.0004765,1_baseline_yolov8s,,
26,855.591,1.18715,1.00995,1.26914,0.68992,0.60011,0.65611,0.39505,1.4497,1.23589,1.46883,0.000470312,0.000470312,0.000470312,1_baseline_yolov8s,,
27,887.816,1.17982,0.99813,1.26078,0.7062,0.60008,0.66758,0.40263,1.44437,1.22946,1.46526,0.000464125,0.000464125,0.000464125,1_baseline_yolov8s,,
28,919.77,1.16653,0.97908,1.25499,0.71818,0.61275,0.669,0.40204,1.4419,1.23702,1.46808,0.000457938,0.000457938,0.000457938,1_baseline_yolov8s,,
29,951.654,1.15446,0.97008,1.24787,0.7295,0.59473,0.66307,0.40401,1.44161,1.22288,1.46071,0.00045175,0.00045175,0.00045175,1_baseline_yolov8s,,
30,983.413,1.15334,0.95382,1.24152,0.73045,0.60712,0.67006,0.40977,1.42114,1.21128,1.44279,0.000445562,0.000445562,0.000445562,1_baseline_yolov8s,,
31,1015.13,1.13585,0.92728,1.23295,0.7249,0.6087,0.66773,0.40739,1.44362,1.20295,1.45949,0.000439375,0.000439375,0.000439375,1_baseline_yolov8s,,
32,1047.22,1.12466,0.9229,1.22039,0.72146,0.61284,0.67668,0.41051,1.44736,1.19512,1.46073,0.000433187,0.000433187,0.000433187,1_baseline_yolov8s,,
33,1079.38,1.12635,0.92318,1.22603,0.69834,0.63826,0.67874,0.41201,1.43065,1.18647,1.45293,0.000427,0.000427,0.000427,1_baseline_yolov8s,,
34,1111.17,1.11843,0.89063,1.21124,0.72674,0.61032,0.67629,0.41298,1.42491,1.18107,1.45316,0.000420812,0.000420812,0.000420812,1_baseline_yolov8s,,
35,1143.72,1.10303,0.89201,1.21133,0.73957,0.6041,0.67467,0.40681,1.45787,1.2059,1.47022,0.000414625,0.000414625,0.000414625,1_baseline_yolov8s,,
36,1176.05,1.11038,0.89387,1.21431,0.71817,0.61473,0.67466,0.41114,1.44542,1.18617,1.46721,0.000408438,0.000408438,0.000408438,1_baseline_yolov8s,,
37,1207.72,1.10974,0.86736,1.2005,0.73492,0.60003,0.67659,0.41184,1.43942,1.18538,1.45125,0.00040225,0.00040225,0.00040225,1_baseline_yolov8s,,
38,1239.36,1.07909,0.85037,1.18964,0.73282,0.613,0.67085,0.41303,1.43471,1.19764,1.46016,0.000396063,0.000396063,0.000396063,1_baseline_yolov8s,,
39,1271.17,1.08529,0.84856,1.19502,0.72299,0.60463,0.67086,0.40475,1.4457,1.19545,1.46429,0.000389875,0.000389875,0.000389875,1_baseline_yolov8s,,
40,1303.08,1.07149,0.84479,1.19119,0.73612,0.62463,0.68526,0.41802,1.4343,1.18264,1.46315,0.000383688,0.000383688,0.000383688,1_baseline_yolov8s,,
41,1335.08,1.07315,0.83936,1.18829,0.72754,0.61692,0.68158,0.41847,1.43264,1.17819,1.4591,0.0003775,0.0003775,0.0003775,1_baseline_yolov8s,,
42,1366.81,1.06152,0.82391,1.17969,0.75365,0.60012,0.66628,0.40534,1.44673,1.2192,1.47148,0.000371313,0.000371313,0.000371313,1_baseline_yolov8s,,
43,1398.6,1.05085,0.80815,1.16838,0.7236,0.62391,0.68064,0.41941,1.42077,1.17407,1.44892,0.000365125,0.000365125,0.000365125,1_baseline_yolov8s,,
44,1430.57,1.04806,0.79952,1.17224,0.72363,0.62755,0.6749,0.40982,1.44006,1.17493,1.47106,0.000358938,0.000358938,0.000358938,1_baseline_yolov8s,,
45,1462.29,1.0321,0.79111,1.16513,0.73259,0.62491,0.67851,0.41758,1.43116,1.15011,1.46007,0.00035275,0.00035275,0.00035275,1_baseline_yolov8s,,
46,1494.11,1.03425,0.78845,1.15928,0.7212,0.617,0.67483,0.41636,1.43681,1.18598,1.45696,0.000346563,0.000346563,0.000346563,1_baseline_yolov8s,,
47,1525.68,1.01677,0.76987,1.15226,0.73769,0.63156,0.68787,0.42232,1.43478,1.14987,1.46373,0.000340375,0.000340375,0.000340375,1_baseline_yolov8s,,
48,1557.35,1.01778,0.76831,1.15199,0.7573,0.61481,0.68763,0.42392,1.42833,1.14296,1.46365,0.000334188,0.000334188,0.000334188,1_baseline_yolov8s,,
49,1589.01,1.00997,0.7588,1.14681,0.72784,0.62417,0.6822,0.42079,1.43547,1.16494,1.45207,0.000328,0.000328,0.000328,1_baseline_yolov8s,,
50,1620.79,1.00109,0.7457,1.13896,0.73634,0.61927,0.68208,0.41884,1.43953,1.17809,1.47024,0.000321812,0.000321812,0.000321812,1_baseline_yolov8s,,
51,1652.77,1.00422,0.74214,1.14182,0.74264,0.62235,0.68786,0.42181,1.43935,1.1579,1.46603,0.000315625,0.000315625,0.000315625,1_baseline_yolov8s,,
52,1684.68,0.99004,0.73349,1.13871,0.75131,0.63171,0.69473,0.42973,1.41961,1.13101,1.45471,0.000309437,0.000309437,0.000309437,1_baseline_yolov8s,,
53,1716.8,0.99044,0.73138,1.13287,0.7434,0.6192,0.68499,0.42089,1.44163,1.15165,1.46763,0.00030325,0.00030325,0.00030325,1_baseline_yolov8s,,
54,1749.33,0.97456,0.71971,1.13226,0.73555,0.6271,0.67863,0.4132,1.45589,1.18438,1.48251,0.000297063,0.000297063,0.000297063,1_baseline_yolov8s,,
55,1781.46,0.97059,0.7131,1.12811,0.74422,0.62217,0.68392,0.41993,1.44115,1.17394,1.47911,0.000290875,0.000290875,0.000290875,1_baseline_yolov8s,,
56,1813.75,0.96447,0.69912,1.12233,0.75679,0.61056,0.67916,0.41647,1.44823,1.18922,1.48336,0.000284688,0.000284688,0.000284688,1_baseline_yolov8s,,
57,1845.76,0.95852,0.69288,1.11611,0.73975,0.62911,0.68529,0.42102,1.44963,1.16588,1.47552,0.0002785,0.0002785,0.0002785,1_baseline_yolov8s,,
58,1877.64,0.95037,0.68532,1.10652,0.75608,0.61613,0.68395,0.41767,1.45597,1.18107,1.47579,0.000272313,0.000272313,0.000272313,1_baseline_yolov8s,,
59,1909.6,0.94172,0.68189,1.11083,0.76434,0.61361,0.68643,0.41912,1.45118,1.18079,1.48412,0.000266125,0.000266125,0.000266125,1_baseline_yolov8s,,
60,1941.78,0.94154,0.67741,1.10406,0.76284,0.61664,0.6884,0.4204,1.44447,1.1641,1.47285,0.000259938,0.000259938,0.000259938,1_baseline_yolov8s,,
61,1974.08,0.92216,0.66601,1.09926,0.75205,0.63229,0.6893,0.42417,1.44337,1.17372,1.4715,0.00025375,0.00025375,0.00025375,1_baseline_yolov8s,,
62,2006.54,0.92511,0.65995,1.09317,0.74526,0.61843,0.68276,0.42095,1.44097,1.16623,1.47172,0.000247563,0.000247563,0.000247563,1_baseline_yolov8s,,
63,2038.76,0.91564,0.65896,1.09644,0.72593,0.63168,0.68683,0.42069,1.44297,1.16739,1.47523,0.000241375,0.000241375,0.000241375,1_baseline_yolov8s,,
64,2070.74,0.90911,0.6482,1.08487,0.729,0.63712,0.68549,0.42362,1.4354,1.17484,1.47121,0.000235188,0.000235188,0.000235188,1_baseline_yolov8s,,
65,2102.92,0.90965,0.64352,1.08832,0.74655,0.63333,0.68804,0.41945,1.4439,1.15815,1.47721,0.000229,0.000229,0.000229,1_baseline_yolov8s,,
66,2135.01,0.90553,0.63674,1.08184,0.75833,0.61728,0.686,0.42137,1.4393,1.17703,1.47764,0.000222813,0.000222813,0.000222813,1_baseline_yolov8s,,
67,2167.18,0.89372,0.62415,1.07521,0.75487,0.62665,0.68712,0.42167,1.45202,1.17354,1.48622,0.000216625,0.000216625,0.000216625,1_baseline_yolov8s,,
68,2199.39,0.89034,0.62742,1.07626,0.73542,0.63278,0.68817,0.42347,1.44688,1.18873,1.48983,0.000210437,0.000210437,0.000210437,1_baseline_yolov8s,,
69,2231.37,0.88485,0.61282,1.06627,0.76303,0.61804,0.6863,0.42259,1.43968,1.17162,1.48041,0.00020425,0.00020425,0.00020425,1_baseline_yolov8s,,
70,2263.36,0.87029,0.61178,1.07102,0.74989,0.63908,0.69305,0.42513,1.43844,1.17327,1.48702,0.000198063,0.000198063,0.000198063,1_baseline_yolov8s,,
71,2295.49,0.88427,0.61271,1.06933,0.76041,0.6247,0.69605,0.43161,1.43726,1.16069,1.48177,0.000191875,0.000191875,0.000191875,1_baseline_yolov8s,,
72,2327.76,0.86208,0.60141,1.05791,0.76485,0.62538,0.6922,0.43093,1.43687,1.1805,1.47405,0.000185688,0.000185688,0.000185688,1_baseline_yolov8s,,
73,2359.93,0.86625,0.59856,1.06431,0.75644,0.63033,0.69288,0.42883,1.43599,1.16393,1.47307,0.0001795,0.0001795,0.0001795,1_baseline_yolov8s,,
74,2392.18,0.85917,0.58653,1.05916,0.7879,0.61714,0.69163,0.4278,1.43593,1.17446,1.47838,0.000173313,0.000173313,0.000173313,1_baseline_yolov8s,,
75,2424.02,0.85669,0.59392,1.05567,0.75709,0.63357,0.69246,0.42863,1.4304,1.15949,1.47717,0.000167125,0.000167125,0.000167125,1_baseline_yolov8s,,
76,2456.01,0.84228,0.58797,1.05091,0.76038,0.62309,0.68663,0.42425,1.43542,1.19504,1.48611,0.000160938,0.000160938,0.000160938,1_baseline_yolov8s,,
77,2488.0,0.8346,0.5759,1.05284,0.76922,0.62706,0.69171,0.42886,1.43565,1.1647,1.48754,0.00015475,0.00015475,0.00015475,1_baseline_yolov8s,,
78,2520.13,0.84192,0.57874,1.04875,0.74543,0.64718,0.68782,0.42732,1.43508,1.17259,1.48396,0.000148563,0.000148563,0.000148563,1_baseline_yolov8s,,
79,2552.23,0.83085,0.57415,1.04678,0.77397,0.62901,0.69436,0.43352,1.43299,1.16529,1.4778,0.000142375,0.000142375,0.000142375,1_baseline_yolov8s,,
80,2584.55,0.82898,0.57404,1.04357,0.78417,0.62813,0.69271,0.43222,1.42906,1.1601,1.4781,0.000136187,0.000136187,0.000136187,1_baseline_yolov8s,,
81,2616.88,0.80916,0.55943,1.03568,0.76495,0.63068,0.68881,0.4291,1.43228,1.18546,1.48755,0.00013,0.00013,0.00013,1_baseline_yolov8s,,
82,2648.92,0.80782,0.55857,1.03398,0.76697,0.62581,0.69073,0.43096,1.44067,1.17155,1.49043,0.000123812,0.000123812,0.000123812,1_baseline_yolov8s,,
83,2681.1,0.81171,0.55417,1.03604,0.78417,0.61836,0.69259,0.43199,1.43389,1.17237,1.48959,0.000117625,0.000117625,0.000117625,1_baseline_yolov8s,,
84,2713.33,0.8087,0.55163,1.03464,0.77183,0.62258,0.69415,0.43162,1.43624,1.17517,1.4871,0.000111438,0.000111438,0.000111438,1_baseline_yolov8s,,
85,2747.87,0.79532,0.53803,1.0241,0.79816,0.60755,0.69115,0.4331,1.43513,1.17368,1.48761,0.00010525,0.00010525,0.00010525,1_baseline_yolov8s,,
86,2786.53,0.7957,0.54786,1.03181,0.78769,0.61402,0.69105,0.43002,1.42549,1.18357,1.48533,9.90625e-05,9.90625e-05,9.90625e-05,1_baseline_yolov8s,,
87,2825.61,0.80058,0.54872,1.03228,0.76318,0.63324,0.69243,0.43216,1.43531,1.18345,1.49073,9.2875e-05,9.2875e-05,9.2875e-05,1_baseline_yolov8s,,
88,2865.12,0.78525,0.53989,1.02723,0.7609,0.63133,0.69148,0.432,1.43031,1.16466,1.48591,8.66875e-05,8.66875e-05,8.66875e-05,1_baseline_yolov8s,,
89,2904.63,0.778,0.52774,1.02422,0.75997,0.63236,0.69281,0.43296,1.42536,1.17897,1.48567,8.05e-05,8.05e-05,8.05e-05,1_baseline_yolov8s,,
90,2943.6,0.77209,0.524,1.01915,0.76594,0.62806,0.69164,0.43373,1.43578,1.18067,1.49599,7.43125e-05,7.43125e-05,7.43125e-05,1_baseline_yolov8s,,
91,2995.71,0.73514,0.42537,0.98097,0.75792,0.62495,0.67684,0.41809,1.45826,1.18958,1.52925,6.8125e-05,6.8125e-05,6.8125e-05,1_baseline_yolov8s,,
92,3035.07,0.69157,0.38385,0.96075,0.75611,0.63381,0.68657,0.42737,1.44777,1.1811,1.51637,6.19375e-05,6.19375e-05,6.19375e-05,1_baseline_yolov8s,,
93,3074.13,0.68152,0.37669,0.95422,0.76637,0.62703,0.68481,0.42354,1.45046,1.19183,1.51628,5.575e-05,5.575e-05,5.575e-05,1_baseline_yolov8s,,
94,3113.31,0.6672,0.37194,0.94752,0.76133,0.63951,0.68819,0.42765,1.44461,1.19339,1.51231,4.95625e-05,4.95625e-05,4.95625e-05,1_baseline_yolov8s,,
95,3152.7,0.67122,0.37333,0.95187,0.7693,0.62742,0.68636,0.42932,1.44143,1.19261,1.51275,4.3375e-05,4.3375e-05,4.3375e-05,1_baseline_yolov8s,,
96,3192.18,0.6559,0.36433,0.9446,0.79544,0.61149,0.68417,0.42834,1.44231,1.20196,1.51254,3.71875e-05,3.71875e-05,3.71875e-05,1_baseline_yolov8s,,
97,3231.18,0.65199,0.36326,0.94334,0.7825,0.62319,0.68736,0.43081,1.44006,1.19085,1.51278,3.1e-05,3.1e-05,3.1e-05,1_baseline_yolov8s,,
98,3270.06,0.65428,0.36207,0.94561,0.77193,0.62727,0.68591,0.42868,1.44397,1.20153,1.51698,2.48125e-05,2.48125e-05,2.48125e-05,1_baseline_yolov8s,,
99,3309.33,0.64389,0.36045,0.94262,0.79892,0.61272,0.68824,0.43116,1.44484,1.18816,1.51886,1.8625e-05,1.8625e-05,1.8625e-05,1_baseline_yolov8s,,
100,3349.05,0.64085,0.35309,0.9352,0.78507,0.62024,0.68729,0.43026,1.44238,1.1927,1.51832,1.24375e-05,1.24375e-05,1.24375e-05,1_baseline_yolov8s,,
1,42.0274,1.43601,2.28552,1.39627,0.63989,0.59078,0.60877,0.3675,1.3796,1.58725,1.37095,0.000207225,0.000207225,0.000207225,2_yolov8s_rfd,,
2,83.62,1.42544,1.67701,1.40678,0.59484,0.4986,0.53041,0.29537,1.53962,1.72861,1.53146,0.000411444,0.000411444,0.000411444,2_yolov8s_rfd,,
3,124.84,1.48114,1.72923,1.47101,0.53602,0.47384,0.4956,0.26729,1.59441,1.74606,1.57636,0.000611539,0.000611539,0.000611539,2_yolov8s_rfd,,
4,166.024,1.49035,1.71824,1.47874,0.53277,0.50069,0.49044,0.26939,1.5845,1.72496,1.58104,0.000606437,0.000606437,0.000606437,2_yolov8s_rfd,,
5,207.132,1.47344,1.63945,1.46436,0.55821,0.48411,0.50896,0.28292,1.57267,1.72834,1.55181,0.00060025,0.00060025,0.00060025,2_yolov8s_rfd,,
6,248.061,1.45201,1.59448,1.45161,0.61749,0.51325,0.55017,0.31068,1.55601,1.59328,1.55809,0.000594062,0.000594062,0.000594062,2_yolov8s_rfd,,
7,288.451,1.43137,1.5374,1.44133,0.63193,0.53178,0.56523,0.32106,1.54244,1.54926,1.5554,0.000587875,0.000587875,0.000587875,2_yolov8s_rfd,,
8,328.796,1.4107,1.47543,1.42914,0.58407,0.53235,0.56118,0.32096,1.51986,1.55954,1.51773,0.000581687,0.000581687,0.000581687,2_yolov8s_rfd,,
9,369.118,1.39809,1.45466,1.42596,0.63958,0.53513,0.57605,0.33175,1.51861,1.53476,1.52526,0.0005755,0.0005755,0.0005755,2_yolov8s_rfd,,
10,408.907,1.36361,1.40758,1.3986,0.66264,0.54638,0.60068,0.35149,1.49143,1.41912,1.48913,0.000569313,0.000569313,0.000569313,2_yolov8s_rfd,,
11,448.925,1.35314,1.37452,1.38944,0.64906,0.56842,0.60868,0.36062,1.47178,1.44627,1.48426,0.000563125,0.000563125,0.000563125,2_yolov8s_rfd,,
12,488.425,1.35129,1.33394,1.37692,0.65406,0.57009,0.61227,0.3601,1.47063,1.4007,1.47907,0.000556938,0.000556938,0.000556938,2_yolov8s_rfd,,
13,528.703,1.34117,1.30844,1.37095,0.63263,0.57431,0.61687,0.36166,1.46905,1.40083,1.47878,0.00055075,0.00055075,0.00055075,2_yolov8s_rfd,,
14,568.582,1.30513,1.26106,1.35409,0.65613,0.57866,0.62027,0.37114,1.45151,1.35855,1.46825,0.000544563,0.000544563,0.000544563,2_yolov8s_rfd,,
15,608.887,1.28574,1.23709,1.34334,0.65874,0.56952,0.61602,0.36897,1.45711,1.35657,1.4738,0.000538375,0.000538375,0.000538375,2_yolov8s_rfd,,
16,649.512,1.29583,1.19762,1.33624,0.71021,0.57357,0.63318,0.37891,1.46054,1.32117,1.47765,0.000532187,0.000532187,0.000532187,2_yolov8s_rfd,,
17,689.643,1.28388,1.20146,1.33656,0.66577,0.59422,0.63896,0.38218,1.46201,1.33448,1.46983,0.000526,0.000526,0.000526,2_yolov8s_rfd,,
18,729.063,1.27252,1.1602,1.32212,0.68439,0.59217,0.64698,0.39059,1.44157,1.28005,1.4552,0.000519812,0.000519812,0.000519812,2_yolov8s_rfd,,
19,769.176,1.25119,1.14672,1.30838,0.68793,0.57293,0.63264,0.37713,1.46132,1.31664,1.47212,0.000513625,0.000513625,0.000513625,2_yolov8s_rfd,,
20,808.768,1.24463,1.14567,1.31061,0.6757,0.60769,0.65379,0.39461,1.4306,1.26866,1.43996,0.000507438,0.000507438,0.000507438,2_yolov8s_rfd,,
21,848.739,1.23331,1.10787,1.29991,0.71198,0.58853,0.65904,0.39779,1.43657,1.25077,1.45204,0.00050125,0.00050125,0.00050125,2_yolov8s_rfd,,
22,888.536,1.23239,1.09017,1.2953,0.69894,0.59568,0.65977,0.40049,1.43056,1.28719,1.44361,0.000495063,0.000495063,0.000495063,2_yolov8s_rfd,,
23,928.964,1.21307,1.0589,1.28115,0.70018,0.60782,0.66687,0.40057,1.44572,1.24562,1.45687,0.000488875,0.000488875,0.000488875,2_yolov8s_rfd,,
24,969.144,1.2,1.04073,1.26999,0.70575,0.60472,0.66509,0.40334,1.42456,1.23961,1.45054,0.000482687,0.000482687,0.000482687,2_yolov8s_rfd,,
25,1009.22,1.20047,1.03127,1.27193,0.70627,0.58902,0.65787,0.39177,1.45677,1.26569,1.4537,0.0004765,0.0004765,0.0004765,2_yolov8s_rfd,,
26,1048.52,1.19127,1.01733,1.27153,0.69314,0.62017,0.67003,0.40472,1.43161,1.22359,1.44523,0.000470312,0.000470312,0.000470312,2_yolov8s_rfd,,
27,1088.4,1.17605,1.00383,1.25512,0.70627,0.60046,0.66051,0.39839,1.44962,1.26131,1.46596,0.000464125,0.000464125,0.000464125,2_yolov8s_rfd,,
28,1128.03,1.17248,0.98046,1.25363,0.73284,0.59391,0.6647,0.40019,1.45231,1.25788,1.46987,0.000457938,0.000457938,0.000457938,2_yolov8s_rfd,,
29,1167.94,1.15707,0.97892,1.24567,0.6995,0.60716,0.66183,0.40108,1.44452,1.23925,1.45481,0.00045175,0.00045175,0.00045175,2_yolov8s_rfd,,
30,1208.23,1.15222,0.95755,1.2389,0.70515,0.60656,0.65998,0.40115,1.44844,1.23804,1.45636,0.000445562,0.000445562,0.000445562,2_yolov8s_rfd,,
31,1248.46,1.14365,0.93687,1.23534,0.71537,0.60459,0.65734,0.39662,1.45429,1.24431,1.46914,0.000439375,0.000439375,0.000439375,2_yolov8s_rfd,,
32,1287.97,1.13111,0.92677,1.2249,0.71862,0.60932,0.66936,0.40989,1.44012,1.21197,1.45684,0.000433187,0.000433187,0.000433187,2_yolov8s_rfd,,
33,1327.92,1.12242,0.92132,1.22456,0.73294,0.60512,0.67737,0.4162,1.43192,1.19703,1.44626,0.000427,0.000427,0.000427,2_yolov8s_rfd,,
34,1367.82,1.12462,0.89777,1.21408,0.73714,0.60791,0.67976,0.41542,1.44278,1.17945,1.45153,0.000420812,0.000420812,0.000420812,2_yolov8s_rfd,,
35,1407.82,1.10798,0.89842,1.21437,0.74097,0.61259,0.68096,0.41615,1.4436,1.2008,1.4559,0.000414625,0.000414625,0.000414625,2_yolov8s_rfd,,
36,1447.69,1.11381,0.89072,1.21177,0.74582,0.61014,0.68336,0.42018,1.43138,1.17473,1.44633,0.000408438,0.000408438,0.000408438,2_yolov8s_rfd,,
37,1487.84,1.11002,0.86397,1.20114,0.71671,0.62898,0.67653,0.41127,1.42921,1.19429,1.44099,0.00040225,0.00040225,0.00040225,2_yolov8s_rfd,,
38,1528.14,1.07916,0.84521,1.18899,0.72536,0.60862,0.66787,0.40921,1.45442,1.21863,1.46187,0.000396063,0.000396063,0.000396063,2_yolov8s_rfd,,
39,1567.74,1.08453,0.85099,1.19313,0.71109,0.61901,0.66829,0.41142,1.43089,1.21199,1.45331,0.000389875,0.000389875,0.000389875,2_yolov8s_rfd,,
40,1607.3,1.06785,0.83733,1.18483,0.75371,0.60235,0.67784,0.41821,1.42431,1.19137,1.44609,0.000383688,0.000383688,0.000383688,2_yolov8s_rfd,,
41,1646.94,1.07093,0.84431,1.18764,0.73473,0.6251,0.6814,0.41699,1.43634,1.17039,1.45298,0.0003775,0.0003775,0.0003775,2_yolov8s_rfd,,
42,1686.54,1.06404,0.82702,1.18003,0.72585,0.60418,0.66405,0.40324,1.45955,1.24081,1.46328,0.000371313,0.000371313,0.000371313,2_yolov8s_rfd,,
43,1725.98,1.05179,0.80756,1.17084,0.73371,0.61674,0.67275,0.41191,1.44527,1.19107,1.46996,0.000365125,0.000365125,0.000365125,2_yolov8s_rfd,,
44,1765.45,1.05107,0.80527,1.17464,0.73448,0.62283,0.68172,0.42021,1.42794,1.17443,1.45357,0.000358938,0.000358938,0.000358938,2_yolov8s_rfd,,
45,1804.77,1.03288,0.78977,1.16556,0.71399,0.63566,0.68798,0.42167,1.42792,1.14501,1.44612,0.00035275,0.00035275,0.00035275,2_yolov8s_rfd,,
46,1844.26,1.03633,0.78977,1.16177,0.73852,0.611,0.6684,0.40995,1.43703,1.20869,1.4579,0.000346563,0.000346563,0.000346563,2_yolov8s_rfd,,
47,1883.74,1.02164,0.76434,1.15592,0.73022,0.62744,0.67938,0.4132,1.4441,1.19488,1.46561,0.000340375,0.000340375,0.000340375,2_yolov8s_rfd,,
48,1923.01,1.02135,0.77402,1.15137,0.72326,0.62086,0.66938,0.41124,1.43243,1.18263,1.4509,0.000334188,0.000334188,0.000334188,2_yolov8s_rfd,,
49,1962.19,1.01319,0.76385,1.15096,0.75898,0.59494,0.67483,0.41365,1.4485,1.19473,1.47041,0.000328,0.000328,0.000328,2_yolov8s_rfd,,
50,2001.52,1.00509,0.74977,1.13899,0.74671,0.61029,0.67239,0.40999,1.45209,1.20188,1.47281,0.000321812,0.000321812,0.000321812,2_yolov8s_rfd,,
51,2040.89,1.00303,0.73761,1.13961,0.72453,0.62062,0.68019,0.41524,1.44529,1.19165,1.46788,0.000315625,0.000315625,0.000315625,2_yolov8s_rfd,,
52,2080.23,0.99122,0.74067,1.1381,0.74177,0.62392,0.68395,0.42051,1.43291,1.15768,1.46314,0.000309437,0.000309437,0.000309437,2_yolov8s_rfd,,
53,2119.44,0.99084,0.73311,1.13117,0.74178,0.61635,0.68128,0.42029,1.4337,1.17601,1.45732,0.00030325,0.00030325,0.00030325,2_yolov8s_rfd,,
54,2158.52,0.9741,0.724,1.12681,0.73619,0.62931,0.67939,0.41949,1.44072,1.19313,1.46019,0.000297063,0.000297063,0.000297063,2_yolov8s_rfd,,
55,2197.86,0.96523,0.70842,1.11969,0.75708,0.6159,0.68737,0.42365,1.4325,1.1736,1.45854,0.000290875,0.000290875,0.000290875,2_yolov8s_rfd,,
56,2237.14,0.96581,0.69989,1.11877,0.74111,0.62558,0.68167,0.42188,1.43516,1.16631,1.47404,0.000284688,0.000284688,0.000284688,2_yolov8s_rfd,,
57,2276.71,0.95957,0.69718,1.11565,0.73979,0.62637,0.68244,0.42259,1.44319,1.16363,1.46234,0.0002785,0.0002785,0.0002785,2_yolov8s_rfd,,
58,2316.16,0.95597,0.68964,1.10997,0.71648,0.63948,0.67554,0.41707,1.44125,1.17893,1.46634,0.000272313,0.000272313,0.000272313,2_yolov8s_rfd,,
59,2355.48,0.94156,0.67761,1.10595,0.75925,0.61722,0.68207,0.42145,1.43916,1.18886,1.46756,0.000266125,0.000266125,0.000266125,2_yolov8s_rfd,,
60,2394.61,0.93491,0.67432,1.09863,0.74052,0.63936,0.69393,0.42875,1.43176,1.15458,1.45002,0.000259938,0.000259938,0.000259938,2_yolov8s_rfd,,
61,2433.94,0.92188,0.66,1.09676,0.76618,0.61945,0.68827,0.42412,1.44722,1.17733,1.47707,0.00025375,0.00025375,0.00025375,2_yolov8s_rfd,,
62,2473.59,0.92344,0.66221,1.09202,0.74095,0.63616,0.68425,0.42077,1.44123,1.16732,1.46304,0.000247563,0.000247563,0.000247563,2_yolov8s_rfd,,
63,2512.65,0.91717,0.66407,1.09517,0.74605,0.63983,0.69137,0.42304,1.44736,1.17597,1.47504,0.000241375,0.000241375,0.000241375,2_yolov8s_rfd,,
64,2552.16,0.90983,0.63818,1.08171,0.7823,0.60672,0.68015,0.41815,1.44066,1.202,1.47298,0.000235188,0.000235188,0.000235188,2_yolov8s_rfd,,
65,2591.84,0.90054,0.63737,1.08354,0.76683,0.63192,0.69265,0.42454,1.4355,1.16018,1.47698,0.000229,0.000229,0.000229,2_yolov8s_rfd,,
66,2631.01,0.90645,0.6417,1.08412,0.75709,0.63339,0.68936,0.42595,1.43708,1.16316,1.47023,0.000222813,0.000222813,0.000222813,2_yolov8s_rfd,,
67,2670.68,0.89314,0.62684,1.07726,0.76978,0.61422,0.68514,0.42242,1.44341,1.17774,1.49183,0.000216625,0.000216625,0.000216625,2_yolov8s_rfd,,
68,2710.24,0.88217,0.62534,1.07486,0.77443,0.60911,0.68267,0.42177,1.43809,1.19452,1.47529,0.000210437,0.000210437,0.000210437,2_yolov8s_rfd,,
69,2749.82,0.88458,0.60985,1.06733,0.74969,0.62959,0.68261,0.42243,1.42879,1.18883,1.46446,0.00020425,0.00020425,0.00020425,2_yolov8s_rfd,,
70,2788.4,0.87223,0.61459,1.07039,0.74199,0.63522,0.68709,0.42658,1.4283,1.16981,1.46599,0.000198063,0.000198063,0.000198063,2_yolov8s_rfd,,
71,2827.17,0.87777,0.60846,1.06236,0.74427,0.63608,0.69109,0.42986,1.44088,1.17878,1.47838,0.000191875,0.000191875,0.000191875,2_yolov8s_rfd,,
72,2865.65,0.86159,0.60348,1.05922,0.76539,0.63326,0.69373,0.4293,1.44382,1.17688,1.49316,0.000185688,0.000185688,0.000185688,2_yolov8s_rfd,,
73,2904.08,0.86291,0.60264,1.06496,0.74607,0.6327,0.6907,0.4293,1.43296,1.17766,1.47679,0.0001795,0.0001795,0.0001795,2_yolov8s_rfd,,
74,2942.29,0.85702,0.58882,1.05852,0.75007,0.63585,0.68853,0.42577,1.43398,1.18548,1.48188,0.000173313,0.000173313,0.000173313,2_yolov8s_rfd,,
75,2980.37,0.86092,0.59548,1.05501,0.76026,0.62706,0.69257,0.43055,1.43573,1.17588,1.473,0.000167125,0.000167125,0.000167125,2_yolov8s_rfd,,
76,3018.93,0.84729,0.58642,1.05185,0.74881,0.63782,0.68979,0.42774,1.43488,1.17631,1.47263,0.000160938,0.000160938,0.000160938,2_yolov8s_rfd,,
77,3058.07,0.82798,0.57541,1.04557,0.7587,0.62975,0.6913,0.42721,1.43916,1.16358,1.4785,0.00015475,0.00015475,0.00015475,2_yolov8s_rfd,,
78,3097.46,0.84057,0.58198,1.04508,0.75195,0.64283,0.69214,0.42792,1.43734,1.17663,1.483,0.000148563,0.000148563,0.000148563,2_yolov8s_rfd,,
79,3136.55,0.83177,0.56949,1.04231,0.75823,0.63273,0.68907,0.4269,1.43736,1.17526,1.47855,0.000142375,0.000142375,0.000142375,2_yolov8s_rfd,,
80,3175.6,0.82419,0.5696,1.03981,0.77206,0.62565,0.69083,0.42841,1.43076,1.16981,1.4799,0.000136187,0.000136187,0.000136187,2_yolov8s_rfd,,
81,3214.54,0.80931,0.55793,1.0339,0.76931,0.6235,0.6928,0.42944,1.43222,1.17289,1.48416,0.00013,0.00013,0.00013,2_yolov8s_rfd,,
82,3253.59,0.8059,0.55676,1.03264,0.75069,0.64097,0.6893,0.42736,1.43683,1.17136,1.49213,0.000123812,0.000123812,0.000123812,2_yolov8s_rfd,,
83,3292.65,0.80877,0.55222,1.03086,0.74773,0.64066,0.69301,0.43006,1.43783,1.18089,1.48423,0.000117625,0.000117625,0.000117625,2_yolov8s_rfd,,
84,3331.83,0.80099,0.54612,1.02776,0.74308,0.63834,0.68835,0.42595,1.44116,1.17576,1.49005,0.000111438,0.000111438,0.000111438,2_yolov8s_rfd,,
85,3371.16,0.79627,0.5375,1.02148,0.7464,0.64793,0.69486,0.43208,1.43129,1.17847,1.48727,0.00010525,0.00010525,0.00010525,2_yolov8s_rfd,,
86,3410.24,0.79336,0.54673,1.02885,0.73651,0.63972,0.68711,0.42849,1.43841,1.19532,1.48818,9.90625e-05,9.90625e-05,9.90625e-05,2_yolov8s_rfd,,
87,3449.33,0.79524,0.5522,1.0285,0.75566,0.6415,0.69136,0.42948,1.43985,1.19876,1.49298,9.2875e-05,9.2875e-05,9.2875e-05,2_yolov8s_rfd,,
88,3488.51,0.78332,0.5374,1.02499,0.73981,0.64503,0.68718,0.42573,1.44076,1.18898,1.49576,8.66875e-05,8.66875e-05,8.66875e-05,2_yolov8s_rfd,,
89,3528.02,0.77457,0.5277,1.02183,0.75151,0.63544,0.68677,0.42778,1.43909,1.19143,1.49002,8.05e-05,8.05e-05,8.05e-05,2_yolov8s_rfd,,
90,3567.48,0.77182,0.52356,1.01726,0.7478,0.63903,0.68901,0.43036,1.43048,1.18782,1.48798,7.43125e-05,7.43125e-05,7.43125e-05,2_yolov8s_rfd,,
91,3619.38,0.73019,0.41676,0.97764,0.75009,0.63601,0.67988,0.42143,1.44719,1.19548,1.5098,6.8125e-05,6.8125e-05,6.8125e-05,2_yolov8s_rfd,,
92,3658.4,0.68913,0.38122,0.95505,0.76487,0.63559,0.68859,0.42694,1.43708,1.18172,1.49836,6.19375e-05,6.19375e-05,6.19375e-05,2_yolov8s_rfd,,
93,3697.31,0.68137,0.37537,0.95105,0.75664,0.63386,0.68586,0.42514,1.4375,1.20883,1.49666,5.575e-05,5.575e-05,5.575e-05,2_yolov8s_rfd,,
94,3736.11,0.67323,0.37208,0.94617,0.75337,0.64032,0.68649,0.42553,1.43757,1.21078,1.49947,4.95625e-05,4.95625e-05,4.95625e-05,2_yolov8s_rfd,,
95,3775.53,0.66456,0.3711,0.94786,0.75347,0.64106,0.6878,0.42565,1.43703,1.20675,1.50259,4.3375e-05,4.3375e-05,4.3375e-05,2_yolov8s_rfd,,
96,3814.74,0.65033,0.36121,0.93679,0.75425,0.64271,0.68694,0.42366,1.4411,1.21683,1.50667,3.71875e-05,3.71875e-05,3.71875e-05,2_yolov8s_rfd,,
97,3854.31,0.64993,0.36007,0.93899,0.75796,0.63812,0.68803,0.42663,1.43785,1.21274,1.50707,3.1e-05,3.1e-05,3.1e-05,2_yolov8s_rfd,,
98,3893.78,0.64729,0.35879,0.93913,0.74319,0.64342,0.68683,0.42535,1.43805,1.21807,1.50971,2.48125e-05,2.48125e-05,2.48125e-05,2_yolov8s_rfd,,
99,3932.96,0.64357,0.35611,0.94084,0.74296,0.6451,0.68758,0.42522,1.43963,1.22433,1.5105,1.8625e-05,1.8625e-05,1.8625e-05,2_yolov8s_rfd,,
100,3971.85,0.63746,0.3515,0.9315,0.75757,0.6348,0.68857,0.42682,1.43833,1.21518,1.50897,1.24375e-05,1.24375e-05,1.24375e-05,2_yolov8s_rfd,,
1,41.2386,1.43607,2.29228,1.391,0.64468,0.55504,0.60197,0.36005,1.39628,1.60646,1.34485,0.000207225,0.000207225,0.000207225,3_yolov8s_rfd_rsl,0.06636,0.0
2,81.6772,1.42487,1.66757,1.39569,0.62446,0.48779,0.54511,0.30394,1.52985,1.67468,1.50262,0.000411444,0.000411444,0.000411444,3_yolov8s_rfd_rsl,0.07149,0.0
3,122.026,1.48205,1.72916,1.46487,0.53785,0.50136,0.4943,0.26497,1.604,1.73612,1.56455,0.000611539,0.000611539,0.000611539,3_yolov8s_rfd_rsl,0.11094,0.0
4,162.331,1.48608,1.72341,1.47166,0.53198,0.51037,0.49465,0.27302,1.58389,1.74113,1.55824,0.000606437,0.000606437,0.000606437,3_yolov8s_rfd_rsl,0.10009,0.0
5,202.396,1.47074,1.64714,1.4685,0.56809,0.48811,0.50957,0.28111,1.59004,1.67418,1.5893,0.00060025,0.00060025,0.00060025,3_yolov8s_rfd_rsl,0.08662,0.0
6,242.952,1.45552,1.60843,1.45643,0.5806,0.50208,0.51774,0.28427,1.56448,1.65929,1.54457,0.000594062,0.000594062,0.000594062,3_yolov8s_rfd_rsl,0.07113,0.0
7,283.121,1.42607,1.53223,1.43805,0.62327,0.53548,0.56927,0.31953,1.53525,1.58029,1.53167,0.000587875,0.000587875,0.000587875,3_yolov8s_rfd_rsl,0.07555,0.0
8,323.31,1.40639,1.47783,1.42657,0.63003,0.539,0.5793,0.33188,1.53624,1.49325,1.53459,0.000581687,0.000581687,0.000581687,3_yolov8s_rfd_rsl,0.07156,0.0
9,363.466,1.39474,1.46328,1.4204,0.61464,0.52576,0.5589,0.32599,1.49245,1.49906,1.49677,0.0005755,0.0005755,0.0005755,3_yolov8s_rfd_rsl,0.06991,0.0
10,403.659,1.35492,1.40858,1.38651,0.63106,0.53225,0.57025,0.33335,1.49172,1.49349,1.50644,0.000569313,0.000569313,0.000569313,3_yolov8s_rfd_rsl,0.07596,0.0
11,444.157,1.35373,1.37702,1.38922,0.64906,0.55281,0.59756,0.35224,1.48797,1.4267,1.49095,0.000563125,0.000563125,0.000563125,3_yolov8s_rfd_rsl,0.06191,0.0
12,484.477,1.3471,1.3409,1.37544,0.65437,0.57582,0.61313,0.36614,1.46696,1.40006,1.4796,0.000556938,0.000556938,0.000556938,3_yolov8s_rfd_rsl,0.05362,0.0
13,524.527,1.33464,1.29796,1.36223,0.63972,0.5599,0.59695,0.35336,1.46503,1.41962,1.47016,0.00055075,0.00055075,0.00055075,3_yolov8s_rfd_rsl,0.05284,0.0
14,564.982,1.30747,1.26243,1.34746,0.65327,0.57208,0.61317,0.36018,1.47747,1.39397,1.48374,0.000544563,0.000544563,0.000544563,3_yolov8s_rfd_rsl,0.05811,0.0
15,604.977,1.29544,1.24205,1.33581,0.64465,0.56472,0.60388,0.35943,1.45861,1.35898,1.47516,0.000538375,0.000538375,0.000538375,3_yolov8s_rfd_rsl,0.05299,0.0
16,644.994,1.28947,1.2049,1.33613,0.70218,0.56519,0.63208,0.38005,1.45029,1.33604,1.47115,0.000532187,0.000532187,0.000532187,3_yolov8s_rfd_rsl,0.04989,0.0
17,685.018,1.28359,1.19639,1.33401,0.67003,0.57668,0.63624,0.38234,1.45722,1.32762,1.46595,0.000526,0.000526,0.000526,3_yolov8s_rfd_rsl,0.03942,0.0
18,725.757,1.26764,1.17848,1.32253,0.6466,0.59786,0.6381,0.38351,1.44562,1.32028,1.4594,0.000519812,0.000519812,0.000519812,3_yolov8s_rfd_rsl,0.03951,0.0
19,765.888,1.25708,1.16246,1.31155,0.67714,0.58154,0.6271,0.3735,1.46954,1.33904,1.46845,0.000513625,0.000513625,0.000513625,3_yolov8s_rfd_rsl,0.05667,0.0
20,806.01,1.24072,1.14443,1.30648,0.67709,0.59086,0.64127,0.39052,1.45248,1.31085,1.46211,0.000507438,0.000507438,0.000507438,3_yolov8s_rfd_rsl,0.04162,0.0
21,846.083,1.23687,1.11731,1.29869,0.69904,0.57721,0.64606,0.38885,1.4476,1.28172,1.46076,0.00050125,0.00050125,0.00050125,3_yolov8s_rfd_rsl,0.03392,0.0
22,886.622,1.22945,1.07632,1.29255,0.68725,0.60159,0.65944,0.40083,1.42428,1.27116,1.4396,0.000495063,0.000495063,0.000495063,3_yolov8s_rfd_rsl,0.02727,0.0
23,926.828,1.21185,1.06885,1.2802,0.69491,0.59563,0.65408,0.3903,1.45423,1.2707,1.46305,0.000488875,0.000488875,0.000488875,3_yolov8s_rfd_rsl,0.02642,0.0
24,967.009,1.20401,1.05032,1.2689,0.72308,0.59218,0.66376,0.40361,1.43615,1.24073,1.4559,0.000482687,0.000482687,0.000482687,3_yolov8s_rfd_rsl,0.0261,0.0
25,1007.25,1.20151,1.04396,1.27433,0.72342,0.58036,0.6503,0.3901,1.46005,1.28316,1.46651,0.0004765,0.0004765,0.0004765,3_yolov8s_rfd_rsl,0.02735,0.0
26,1042.61,1.19132,1.02505,1.26917,0.69834,0.60932,0.66043,0.40019,1.44067,1.24426,1.46441,0.000470312,0.000470312,0.000470312,3_yolov8s_rfd_rsl,0.0197,0.0
27,1078.74,1.17636,0.9986,1.25589,0.72114,0.59521,0.65948,0.39899,1.46031,1.25418,1.47374,0.000464125,0.000464125,0.000464125,3_yolov8s_rfd_rsl,0.02668,0.0
28,1115.27,1.17121,0.98023,1.25213,0.70674,0.61129,0.66342,0.40125,1.43388,1.2407,1.44802,0.000457938,0.000457938,0.000457938,3_yolov8s_rfd_rsl,0.03059,0.0
29,1151.45,1.15866,0.97258,1.24755,0.71706,0.59274,0.66357,0.40079,1.45401,1.26035,1.46076,0.00045175,0.00045175,0.00045175,3_yolov8s_rfd_rsl,0.02299,0.0
30,1186.79,1.147,0.96239,1.24032,0.72736,0.60378,0.66589,0.40421,1.43873,1.23613,1.4513,0.000445562,0.000445562,0.000445562,3_yolov8s_rfd_rsl,0.039,0.0
31,1221.27,1.14148,0.94305,1.23548,0.73229,0.58783,0.65848,0.39372,1.47155,1.25117,1.48763,0.000439375,0.000439375,0.000439375,3_yolov8s_rfd_rsl,0.02844,0.0
32,1257.92,1.1287,0.92799,1.22357,0.7134,0.61813,0.66288,0.40346,1.44439,1.20879,1.4585,0.000433187,0.000433187,0.000433187,3_yolov8s_rfd_rsl,0.01869,0.0
33,1294.58,1.1268,0.91599,1.22318,0.69298,0.60599,0.65531,0.39643,1.44458,1.26217,1.457,0.000427,0.000427,0.000427,3_yolov8s_rfd_rsl,0.01588,0.0
34,1331.74,1.1212,0.89457,1.21232,0.70463,0.62314,0.67386,0.41189,1.42854,1.20801,1.44817,0.000420812,0.000420812,0.000420812,3_yolov8s_rfd_rsl,0.02562,0.0
35,1371.49,1.10685,0.89827,1.20628,0.72139,0.59415,0.65748,0.40125,1.44554,1.26161,1.45722,0.000414625,0.000414625,0.000414625,3_yolov8s_rfd_rsl,0.03713,0.0
36,1407.08,1.11529,0.89285,1.21167,0.70988,0.60327,0.65802,0.40514,1.44512,1.22234,1.45684,0.000408438,0.000408438,0.000408438,3_yolov8s_rfd_rsl,0.02631,0.0
37,1442.0,1.10928,0.86622,1.2011,0.72314,0.60912,0.66794,0.40886,1.43921,1.19999,1.45547,0.00040225,0.00040225,0.00040225,3_yolov8s_rfd_rsl,0.02983,0.0
38,1476.19,1.08005,0.85072,1.18966,0.71595,0.61956,0.66973,0.41167,1.433,1.22541,1.44984,0.000396063,0.000396063,0.000396063,3_yolov8s_rfd_rsl,0.0237,0.0
39,1510.6,1.08289,0.8549,1.19194,0.71176,0.61259,0.66847,0.4107,1.43557,1.20763,1.46181,0.000389875,0.000389875,0.000389875,3_yolov8s_rfd_rsl,0.01663,0.0
40,1545.01,1.06847,0.84107,1.19225,0.72859,0.6139,0.6758,0.41556,1.42181,1.19327,1.44736,0.000383688,0.000383688,0.000383688,3_yolov8s_rfd_rsl,0.01578,0.0
41,1579.5,1.07181,0.83362,1.18464,0.74403,0.60941,0.67429,0.41307,1.42222,1.20359,1.44299,0.0003775,0.0003775,0.0003775,3_yolov8s_rfd_rsl,0.01213,0.0
42,1613.88,1.06107,0.817,1.17579,0.73976,0.61545,0.67871,0.41629,1.44296,1.21002,1.46696,0.000371313,0.000371313,0.000371313,3_yolov8s_rfd_rsl,0.00845,0.0
43,1648.63,1.05593,0.80742,1.16954,0.75472,0.59835,0.67917,0.42044,1.42624,1.20149,1.44786,0.000365125,0.000365125,0.000365125,3_yolov8s_rfd_rsl,0.00666,0.0
44,1683.71,1.04648,0.79925,1.17044,0.72443,0.61222,0.67381,0.41648,1.42633,1.18406,1.44685,0.000358938,0.000358938,0.000358938,3_yolov8s_rfd_rsl,0.0057,0.0
45,1719.42,1.03286,0.78683,1.16268,0.74103,0.61109,0.68261,0.41918,1.4302,1.17165,1.45149,0.00035275,0.00035275,0.00035275,3_yolov8s_rfd_rsl,0.00574,0.0
46,1753.94,1.03236,0.78983,1.15813,0.73282,0.60311,0.66623,0.40824,1.44205,1.20661,1.45928,0.000346563,0.000346563,0.000346563,3_yolov8s_rfd_rsl,0.00559,0.0
47,1788.92,1.02105,0.77093,1.1535,0.75581,0.60513,0.68241,0.42162,1.42629,1.18516,1.45818,0.000340375,0.000340375,0.000340375,3_yolov8s_rfd_rsl,0.00464,0.0
48,1825.52,1.02364,0.77624,1.15492,0.72388,0.63048,0.67174,0.41307,1.43832,1.17372,1.44657,0.000334188,0.000334188,0.000334188,3_yolov8s_rfd_rsl,0.00548,0.0
49,1863.7,1.00919,0.75994,1.1456,0.71798,0.62571,0.67679,0.41805,1.43786,1.17913,1.46264,0.000328,0.000328,0.000328,3_yolov8s_rfd_rsl,0.00817,0.0
50,1901.22,0.99919,0.74204,1.13608,0.73718,0.61697,0.67669,0.41772,1.44306,1.19803,1.462,0.000321812,0.000321812,0.000321812,3_yolov8s_rfd_rsl,0.01249,0.0
51,1934.15,1.00629,0.74239,1.14069,0.74817,0.61062,0.67962,0.41888,1.43377,1.18423,1.45092,0.000315625,0.000315625,0.000315625,3_yolov8s_rfd_rsl,0.01476,0.0
52,1967.32,0.99446,0.73825,1.13816,0.72078,0.62887,0.68311,0.42161,1.42341,1.17213,1.4558,0.000309437,0.000309437,0.000309437,3_yolov8s_rfd_rsl,0.01593,0.0
53,1999.96,0.99242,0.7377,1.13129,0.73643,0.62035,0.68048,0.41927,1.43881,1.18109,1.4579,0.00030325,0.00030325,0.00030325,3_yolov8s_rfd_rsl,0.01559,0.0
54,2032.08,0.97438,0.71756,1.12678,0.74668,0.61093,0.67624,0.41738,1.43759,1.17496,1.47129,0.000297063,0.000297063,0.000297063,3_yolov8s_rfd_rsl,0.01483,0.0
55,2064.26,0.97098,0.70991,1.12798,0.75432,0.60959,0.67994,0.42012,1.42536,1.16854,1.45517,0.000290875,0.000290875,0.000290875,3_yolov8s_rfd_rsl,0.01255,0.0
56,2096.46,0.9637,0.70785,1.1199,0.73656,0.63239,0.68428,0.42644,1.43533,1.17055,1.46837,0.000284688,0.000284688,0.000284688,3_yolov8s_rfd_rsl,0.0115,0.0
57,2129.75,0.96317,0.69826,1.11775,0.73503,0.63031,0.68679,0.42102,1.4506,1.16866,1.47752,0.0002785,0.0002785,0.0002785,3_yolov8s_rfd_rsl,0.01072,0.0
58,2161.81,0.95406,0.68628,1.1113,0.75939,0.61385,0.68843,0.42912,1.43792,1.16857,1.46261,0.000272313,0.000272313,0.000272313,3_yolov8s_rfd_rsl,0.01126,0.0
59,2194.02,0.94104,0.68048,1.11067,0.7194,0.63884,0.68215,0.42343,1.43087,1.18139,1.47607,0.000266125,0.000266125,0.000266125,3_yolov8s_rfd_rsl,0.01024,0.0
60,2226.17,0.9443,0.67843,1.10374,0.73091,0.6362,0.69069,0.42819,1.43803,1.15379,1.46608,0.000259938,0.000259938,0.000259938,3_yolov8s_rfd_rsl,0.01099,0.0
61,2258.12,0.92309,0.66522,1.09775,0.7256,0.64601,0.68826,0.43068,1.43457,1.17023,1.47016,0.00025375,0.00025375,0.00025375,3_yolov8s_rfd_rsl,0.01143,0.0
62,2290.23,0.9295,0.66821,1.09749,0.75959,0.61734,0.68139,0.42389,1.43374,1.15781,1.46536,0.000247563,0.000247563,0.000247563,3_yolov8s_rfd_rsl,0.01016,0.0
63,2322.2,0.92117,0.66021,1.09719,0.75279,0.61347,0.67826,0.42288,1.43659,1.17248,1.4654,0.000241375,0.000241375,0.000241375,3_yolov8s_rfd_rsl,0.00972,0.0
64,2354.45,0.91708,0.65223,1.08732,0.74677,0.62434,0.68391,0.42346,1.43618,1.18,1.47015,0.000235188,0.000235188,0.000235188,3_yolov8s_rfd_rsl,0.01007,0.0
65,2386.63,0.90407,0.64179,1.08497,0.72411,0.63662,0.6791,0.42145,1.43814,1.17854,1.47075,0.000229,0.000229,0.000229,3_yolov8s_rfd_rsl,0.00994,0.0
66,2418.96,0.90611,0.64331,1.08465,0.75959,0.61749,0.68033,0.42241,1.43598,1.18674,1.46924,0.000222813,0.000222813,0.000222813,3_yolov8s_rfd_rsl,0.00894,0.0
67,2451.08,0.89985,0.62947,1.07929,0.75467,0.62446,0.68429,0.42489,1.43459,1.17079,1.46762,0.000216625,0.000216625,0.000216625,3_yolov8s_rfd_rsl,0.00824,0.0
68,2483.22,0.8825,0.62658,1.07394,0.73672,0.62887,0.6828,0.42732,1.4283,1.17976,1.46942,0.000210437,0.000210437,0.000210437,3_yolov8s_rfd_rsl,0.00815,0.0
69,2515.32,0.88267,0.61411,1.06359,0.74475,0.63514,0.68883,0.42737,1.43777,1.17541,1.47272,0.00020425,0.00020425,0.00020425,3_yolov8s_rfd_rsl,0.0067,0.0
70,2547.5,0.87381,0.6185,1.06723,0.77163,0.62007,0.69124,0.42669,1.434,1.1436,1.47206,0.000198063,0.000198063,0.000198063,3_yolov8s_rfd_rsl,0.0064,0.0
71,2579.51,0.87643,0.61291,1.0641,0.74859,0.62612,0.68543,0.42791,1.43112,1.17307,1.47169,0.000191875,0.000191875,0.000191875,3_yolov8s_rfd_rsl,0.00568,0.0
72,2611.54,0.86487,0.60077,1.05866,0.74593,0.63675,0.69173,0.43229,1.4367,1.1512,1.48023,0.000185688,0.000185688,0.000185688,3_yolov8s_rfd_rsl,0.00691,0.0
73,2643.74,0.8614,0.60017,1.06274,0.7505,0.62486,0.68728,0.42617,1.43681,1.17033,1.47651,0.0001795,0.0001795,0.0001795,3_yolov8s_rfd_rsl,0.00623,0.0
74,2675.72,0.85637,0.58772,1.0557,0.73961,0.63669,0.68421,0.42409,1.43548,1.17898,1.48148,0.000173313,0.000173313,0.000173313,3_yolov8s_rfd_rsl,0.00469,0.0
75,2707.84,0.85743,0.59729,1.0525,0.77126,0.62425,0.69048,0.42986,1.43585,1.16709,1.48927,0.000167125,0.000167125,0.000167125,3_yolov8s_rfd_rsl,0.00603,0.0
76,2739.89,0.84485,0.58702,1.05248,0.76771,0.62538,0.68399,0.42777,1.44054,1.18337,1.48167,0.000160938,0.000160938,0.000160938,3_yolov8s_rfd_rsl,0.00491,0.0
77,2771.98,0.83359,0.58079,1.04976,0.75527,0.63291,0.68756,0.42745,1.44656,1.18273,1.48769,0.00015475,0.00015475,0.00015475,3_yolov8s_rfd_rsl,0.00405,0.0
78,2804.2,0.84031,0.5804,1.04559,0.75537,0.64164,0.69602,0.43393,1.4401,1.16247,1.48806,0.000148563,0.000148563,0.000148563,3_yolov8s_rfd_rsl,0.00447,0.0
79,2836.6,0.83964,0.57231,1.04787,0.76303,0.62379,0.68675,0.42895,1.44181,1.1748,1.48751,0.000142375,0.000142375,0.000142375,3_yolov8s_rfd_rsl,0.00426,0.0
80,2868.92,0.82646,0.57078,1.04471,0.76,0.63007,0.68926,0.43086,1.44197,1.1797,1.49184,0.000136187,0.000136187,0.000136187,3_yolov8s_rfd_rsl,0.00461,0.0
81,2901.09,0.81339,0.56192,1.03559,0.76729,0.63846,0.69091,0.43276,1.44326,1.18645,1.49171,0.00013,0.00013,0.00013,3_yolov8s_rfd_rsl,0.00524,0.0
82,2933.33,0.80705,0.56093,1.0331,0.76309,0.63582,0.69618,0.43537,1.43267,1.17197,1.48532,0.000123812,0.000123812,0.000123812,3_yolov8s_rfd_rsl,0.00556,0.0
83,2965.61,0.80894,0.55459,1.03074,0.74729,0.64156,0.68921,0.43231,1.43613,1.18454,1.47936,0.000117625,0.000117625,0.000117625,3_yolov8s_rfd_rsl,0.00727,0.0
84,2997.64,0.8083,0.54866,1.03147,0.74924,0.63553,0.68324,0.42719,1.43881,1.18525,1.4862,0.000111438,0.000111438,0.000111438,3_yolov8s_rfd_rsl,0.00704,0.0
85,3029.79,0.79662,0.53684,1.02292,0.78751,0.61411,0.68711,0.43246,1.4381,1.17586,1.48366,0.00010525,0.00010525,0.00010525,3_yolov8s_rfd_rsl,0.00756,0.0
86,3061.83,0.79402,0.54761,1.02694,0.78052,0.62004,0.68786,0.43058,1.43848,1.17665,1.48412,9.90625e-05,9.90625e-05,9.90625e-05,3_yolov8s_rfd_rsl,0.00767,0.0
87,3093.86,0.79325,0.54916,1.02516,0.76553,0.63256,0.6897,0.42999,1.44026,1.18013,1.48837,9.2875e-05,9.2875e-05,9.2875e-05,3_yolov8s_rfd_rsl,0.00771,0.0
88,3126.0,0.78618,0.5357,1.02452,0.77317,0.62254,0.68922,0.42877,1.44173,1.18841,1.48737,8.66875e-05,8.66875e-05,8.66875e-05,3_yolov8s_rfd_rsl,0.00725,0.0
89,3158.29,0.77503,0.52741,1.02088,0.75155,0.63711,0.68834,0.43128,1.43526,1.19528,1.48606,8.05e-05,8.05e-05,8.05e-05,3_yolov8s_rfd_rsl,0.00678,0.0
90,3190.53,0.77146,0.52214,1.01454,0.73213,0.6552,0.69207,0.43236,1.43264,1.18113,1.48525,7.43125e-05,7.43125e-05,7.43125e-05,3_yolov8s_rfd_rsl,0.00727,0.0
91,3234.37,0.73012,0.41794,0.97487,0.77003,0.62503,0.67942,0.42089,1.45197,1.18306,1.51221,6.8125e-05,6.8125e-05,6.8125e-05,3_yolov8s_rfd_rsl,0.00676,0.0
92,3266.59,0.68777,0.38154,0.95487,0.79273,0.61156,0.68385,0.42845,1.44462,1.18073,1.50697,6.19375e-05,6.19375e-05,6.19375e-05,3_yolov8s_rfd_rsl,0.00601,0.0
93,3298.7,0.68011,0.3748,0.95289,0.77646,0.61384,0.68399,0.428,1.44467,1.19762,1.51044,5.575e-05,5.575e-05,5.575e-05,3_yolov8s_rfd_rsl,0.00601,0.0
94,3330.82,0.675,0.37456,0.94862,0.76009,0.62958,0.68497,0.42894,1.44042,1.1936,1.50678,4.95625e-05,4.95625e-05,4.95625e-05,3_yolov8s_rfd_rsl,0.00598,0.0
95,3363.12,0.67243,0.37342,0.95083,0.7549,0.63767,0.68693,0.43163,1.43461,1.19854,1.50634,4.3375e-05,4.3375e-05,4.3375e-05,3_yolov8s_rfd_rsl,0.00635,0.0
96,3395.34,0.66011,0.36289,0.94372,0.74639,0.63926,0.68712,0.43129,1.43591,1.19356,1.50318,3.71875e-05,3.71875e-05,3.71875e-05,3_yolov8s_rfd_rsl,0.00606,0.0
97,3427.38,0.6521,0.36154,0.9423,0.74467,0.65277,0.6878,0.4325,1.43418,1.19742,1.50256,3.1e-05,3.1e-05,3.1e-05,3_yolov8s_rfd_rsl,0.00602,0.0
98,3459.46,0.64895,0.36114,0.94012,0.78314,0.62697,0.68888,0.43218,1.43696,1.2004,1.50855,2.48125e-05,2.48125e-05,2.48125e-05,3_yolov8s_rfd_rsl,0.00565,0.0
99,3491.64,0.65203,0.35936,0.94443,0.78774,0.62016,0.68798,0.43196,1.4373,1.19959,1.51053,1.8625e-05,1.8625e-05,1.8625e-05,3_yolov8s_rfd_rsl,0.00565,0.0
100,3523.71,0.64147,0.35331,0.93467,0.73935,0.65342,0.68955,0.43258,1.43649,1.19333,1.51192,1.24375e-05,1.24375e-05,1.24375e-05,3_yolov8s_rfd_rsl,0.00556,0.0
1,33.1392,1.2208,2.27616,1.39523,0.63267,0.55463,0.59487,0.35625,1.20711,1.6699,1.41155,0.000207225,0.000207225,0.000207225,4_yolov8s_rfd_nwd,,
2,66.0032,1.21521,1.66933,1.39808,0.54623,0.52265,0.51888,0.2902,1.28138,1.69946,1.49951,0.000411444,0.000411444,0.000411444,4_yolov8s_rfd_nwd,,
3,98.8129,1.26375,1.7116,1.46596,0.56238,0.46025,0.4815,0.26496,1.36133,1.80186,1.5755,0.000611539,0.000611539,0.000611539,4_yolov8s_rfd_nwd,,
4,131.486,1.26115,1.71423,1.46989,0.52828,0.46954,0.46573,0.25141,1.38117,1.83834,1.59912,0.000606437,0.000606437,0.000606437,4_yolov8s_rfd_nwd,,
5,164.275,1.25885,1.65566,1.46927,0.59012,0.47739,0.52183,0.2929,1.32671,1.67852,1.56151,0.00060025,0.00060025,0.00060025,4_yolov8s_rfd_nwd,,
6,196.684,1.23425,1.59045,1.45024,0.601,0.49039,0.51874,0.28914,1.31988,1.64525,1.5458,0.000594062,0.000594062,0.000594062,4_yolov8s_rfd_nwd,,
7,229.207,1.21446,1.51491,1.43777,0.63756,0.51457,0.55446,0.31577,1.31961,1.56767,1.5421,0.000587875,0.000587875,0.000587875,4_yolov8s_rfd_nwd,,
8,262.346,1.18931,1.45923,1.42385,0.61422,0.52754,0.55309,0.31342,1.3167,1.51481,1.53458,0.000581687,0.000581687,0.000581687,4_yolov8s_rfd_nwd,,
9,294.672,1.18382,1.43046,1.41745,0.64239,0.53791,0.57707,0.33427,1.3023,1.50795,1.52044,0.0005755,0.0005755,0.0005755,4_yolov8s_rfd_nwd,,
10,327.329,1.15193,1.39138,1.38576,0.65528,0.55895,0.61218,0.35803,1.27605,1.43929,1.50187,0.000569313,0.000569313,0.000569313,4_yolov8s_rfd_nwd,,
11,359.912,1.15337,1.3711,1.38797,0.67866,0.56148,0.61571,0.36676,1.25507,1.39784,1.48275,0.000563125,0.000563125,0.000563125,4_yolov8s_rfd_nwd,,
12,392.598,1.14034,1.31446,1.37297,0.64171,0.59522,0.621,0.35907,1.27134,1.37613,1.48714,0.000556938,0.000556938,0.000556938,4_yolov8s_rfd_nwd,,
13,424.986,1.13281,1.29386,1.36018,0.6537,0.58217,0.62055,0.36311,1.25216,1.36329,1.47544,0.00055075,0.00055075,0.00055075,4_yolov8s_rfd_nwd,,
14,457.488,1.11324,1.25323,1.35249,0.65542,0.56787,0.61117,0.35701,1.25822,1.39077,1.47496,0.000544563,0.000544563,0.000544563,4_yolov8s_rfd_nwd,,
15,489.942,1.10151,1.22775,1.33898,0.65156,0.57648,0.61971,0.37011,1.23991,1.34815,1.46514,0.000538375,0.000538375,0.000538375,4_yolov8s_rfd_nwd,,
16,522.433,1.10169,1.19543,1.33942,0.69918,0.59598,0.65547,0.3973,1.23296,1.28751,1.46184,0.000532187,0.000532187,0.000532187,4_yolov8s_rfd_nwd,,
17,554.85,1.09097,1.19264,1.33699,0.69558,0.59356,0.6454,0.38956,1.22025,1.3169,1.45409,0.000526,0.000526,0.000526,4_yolov8s_rfd_nwd,,
18,587.299,1.07647,1.15434,1.31852,0.68977,0.58379,0.64463,0.38863,1.23136,1.30153,1.45148,0.000519812,0.000519812,0.000519812,4_yolov8s_rfd_nwd,,
19,619.713,1.05796,1.1294,1.30277,0.68533,0.59656,0.64295,0.38732,1.23639,1.30414,1.46178,0.000513625,0.000513625,0.000513625,4_yolov8s_rfd_nwd,,
20,652.243,1.05931,1.12428,1.31314,0.68963,0.60814,0.65268,0.39631,1.23579,1.28813,1.47021,0.000507438,0.000507438,0.000507438,4_yolov8s_rfd_nwd,,
21,684.859,1.05271,1.09738,1.29952,0.68566,0.59986,0.65993,0.39691,1.22636,1.27376,1.45051,0.00050125,0.00050125,0.00050125,4_yolov8s_rfd_nwd,,
22,717.325,1.04439,1.06888,1.29302,0.70786,0.60625,0.66774,0.40009,1.2227,1.2604,1.45151,0.000495063,0.000495063,0.000495063,4_yolov8s_rfd_nwd,,
23,749.87,1.02959,1.05062,1.27779,0.71174,0.60772,0.67225,0.40175,1.23881,1.24062,1.46116,0.000488875,0.000488875,0.000488875,4_yolov8s_rfd_nwd,,
24,782.428,1.01425,1.02574,1.26998,0.69447,0.59578,0.65193,0.39255,1.22445,1.27676,1.45391,0.000482687,0.000482687,0.000482687,4_yolov8s_rfd_nwd,,
25,814.902,1.0159,1.02739,1.27019,0.69912,0.60043,0.64813,0.39324,1.23452,1.26951,1.46104,0.0004765,0.0004765,0.0004765,4_yolov8s_rfd_nwd,,
26,847.262,1.01013,1.00912,1.26402,0.71232,0.6095,0.66352,0.40287,1.23291,1.24849,1.45816,0.000470312,0.000470312,0.000470312,4_yolov8s_rfd_nwd,,
27,879.75,0.99667,0.98535,1.25383,0.68007,0.61392,0.65997,0.39947,1.24275,1.24518,1.46566,0.000464125,0.000464125,0.000464125,4_yolov8s_rfd_nwd,,
28,912.322,0.98998,0.96881,1.24888,0.7024,0.61013,0.66458,0.40567,1.21913,1.23759,1.46215,0.000457938,0.000457938,0.000457938,4_yolov8s_rfd_nwd,,
29,944.895,0.97767,0.95775,1.24285,0.71617,0.61538,0.66753,0.40359,1.24978,1.223,1.47698,0.00045175,0.00045175,0.00045175,4_yolov8s_rfd_nwd,,
30,977.266,0.97562,0.94462,1.23752,0.71989,0.62279,0.67039,0.4057,1.23245,1.22289,1.44989,0.000445562,0.000445562,0.000445562,4_yolov8s_rfd_nwd,,
31,1009.72,0.96787,0.92651,1.23198,0.69417,0.62276,0.6707,0.40681,1.2335,1.22749,1.45892,0.000439375,0.000439375,0.000439375,4_yolov8s_rfd_nwd,,
32,1042.25,0.95813,0.91984,1.22326,0.72721,0.59824,0.66454,0.40428,1.23893,1.22931,1.46857,0.000433187,0.000433187,0.000433187,4_yolov8s_rfd_nwd,,
33,1074.7,0.94912,0.90663,1.21514,0.72981,0.60931,0.67414,0.40987,1.22183,1.20959,1.44756,0.000427,0.000427,0.000427,4_yolov8s_rfd_nwd,,
34,1107.22,0.95243,0.88969,1.21101,0.74912,0.59541,0.67343,0.40688,1.21287,1.20661,1.44393,0.000420812,0.000420812,0.000420812,4_yolov8s_rfd_nwd,,
35,1139.67,0.93846,0.89059,1.20774,0.71958,0.61714,0.67503,0.41189,1.22804,1.21411,1.45009,0.000414625,0.000414625,0.000414625,4_yolov8s_rfd_nwd,,
36,1172.29,0.94296,0.88436,1.20831,0.70812,0.62569,0.67636,0.41681,1.22349,1.20881,1.45039,0.000408438,0.000408438,0.000408438,4_yolov8s_rfd_nwd,,
37,1204.78,0.94129,0.85741,1.20221,0.74074,0.60947,0.67679,0.41393,1.22192,1.19945,1.45264,0.00040225,0.00040225,0.00040225,4_yolov8s_rfd_nwd,,
38,1237.14,0.91418,0.8353,1.18645,0.72012,0.62037,0.67186,0.41083,1.23406,1.21998,1.46357,0.000396063,0.000396063,0.000396063,4_yolov8s_rfd_nwd,,
39,1269.45,0.91963,0.84158,1.19019,0.6949,0.62382,0.66247,0.4023,1.2272,1.20848,1.46135,0.000389875,0.000389875,0.000389875,4_yolov8s_rfd_nwd,,
40,1301.74,0.91297,0.84451,1.19154,0.74254,0.61471,0.68034,0.41891,1.20729,1.18049,1.44325,0.000383688,0.000383688,0.000383688,4_yolov8s_rfd_nwd,,
41,1333.94,0.90719,0.83203,1.18347,0.74048,0.6102,0.67578,0.41348,1.2262,1.20207,1.45771,0.0003775,0.0003775,0.0003775,4_yolov8s_rfd_nwd,,
42,1366.19,0.90291,0.81341,1.17952,0.73859,0.61867,0.67503,0.41156,1.22989,1.22452,1.47592,0.000371313,0.000371313,0.000371313,4_yolov8s_rfd_nwd,,
43,1398.46,0.88974,0.80336,1.16499,0.74383,0.61201,0.67702,0.41412,1.21935,1.21163,1.45461,0.000365125,0.000365125,0.000365125,4_yolov8s_rfd_nwd,,
44,1430.92,0.89027,0.79831,1.16799,0.71196,0.63264,0.67558,0.41199,1.22405,1.1792,1.45304,0.000358938,0.000358938,0.000358938,4_yolov8s_rfd_nwd,,
45,1463.31,0.87818,0.78252,1.16258,0.74141,0.62983,0.68378,0.41788,1.21871,1.16822,1.4549,0.00035275,0.00035275,0.00035275,4_yolov8s_rfd_nwd,,
46,1495.67,0.87839,0.77539,1.15798,0.73699,0.61147,0.66088,0.40877,1.22618,1.21789,1.45602,0.000346563,0.000346563,0.000346563,4_yolov8s_rfd_nwd,,
47,1527.93,0.86552,0.75856,1.15094,0.71596,0.63011,0.67367,0.41157,1.23031,1.19722,1.46532,0.000340375,0.000340375,0.000340375,4_yolov8s_rfd_nwd,,
48,1560.27,0.86618,0.76579,1.15137,0.71917,0.63871,0.67968,0.41841,1.22222,1.17387,1.45386,0.000334188,0.000334188,0.000334188,4_yolov8s_rfd_nwd,,
49,1592.91,0.85432,0.74804,1.14453,0.75905,0.60612,0.67422,0.41514,1.22075,1.20844,1.46353,0.000328,0.000328,0.000328,4_yolov8s_rfd_nwd,,
50,1625.31,0.84872,0.7365,1.13663,0.73454,0.63333,0.68109,0.41688,1.22678,1.19506,1.47156,0.000321812,0.000321812,0.000321812,4_yolov8s_rfd_nwd,,
51,1657.67,0.85012,0.72979,1.14047,0.7535,0.62508,0.6866,0.42353,1.22243,1.17577,1.45959,0.000315625,0.000315625,0.000315625,4_yolov8s_rfd_nwd,,
52,1689.91,0.83464,0.72568,1.13217,0.74662,0.62651,0.68661,0.42195,1.2183,1.1758,1.46747,0.000309437,0.000309437,0.000309437,4_yolov8s_rfd_nwd,,
53,1722.34,0.83957,0.72445,1.12791,0.75438,0.62468,0.68988,0.41924,1.22276,1.16892,1.4631,0.00030325,0.00030325,0.00030325,4_yolov8s_rfd_nwd,,
54,1754.69,0.82958,0.70901,1.12742,0.73312,0.63913,0.68372,0.42049,1.2237,1.17809,1.46224,0.000297063,0.000297063,0.000297063,4_yolov8s_rfd_nwd,,
55,1787.07,0.81646,0.70504,1.11615,0.76014,0.61398,0.68993,0.42649,1.20902,1.15797,1.44879,0.000290875,0.000290875,0.000290875,4_yolov8s_rfd_nwd,,
56,1820.33,0.81693,0.6887,1.11551,0.72917,0.6411,0.68938,0.42624,1.21454,1.15829,1.45688,0.000284688,0.000284688,0.000284688,4_yolov8s_rfd_nwd,,
57,1852.58,0.81462,0.68629,1.11295,0.75138,0.6277,0.68025,0.41767,1.22517,1.19496,1.46083,0.0002785,0.0002785,0.0002785,4_yolov8s_rfd_nwd,,
58,1884.62,0.80936,0.6815,1.1056,0.7597,0.62425,0.68303,0.41762,1.22197,1.18623,1.46414,0.000272313,0.000272313,0.000272313,4_yolov8s_rfd_nwd,,
59,1916.4,0.79867,0.67344,1.10607,0.7572,0.62746,0.68993,0.4232,1.22261,1.18093,1.47098,0.000266125,0.000266125,0.000266125,4_yolov8s_rfd_nwd,,
60,1948.33,0.7977,0.67369,1.10279,0.74518,0.63355,0.68983,0.41745,1.23507,1.18535,1.48743,0.000259938,0.000259938,0.000259938,4_yolov8s_rfd_nwd,,
61,1980.23,0.78665,0.657,1.09906,0.7645,0.63476,0.69682,0.43001,1.21708,1.17742,1.47081,0.00025375,0.00025375,0.00025375,4_yolov8s_rfd_nwd,,
62,2012.03,0.787,0.66109,1.09561,0.75801,0.63864,0.69872,0.42754,1.22079,1.16084,1.4728,0.000247563,0.000247563,0.000247563,4_yolov8s_rfd_nwd,,
63,2043.92,0.77841,0.65617,1.09403,0.75593,0.62265,0.68599,0.42219,1.22251,1.1914,1.47498,0.000241375,0.000241375,0.000241375,4_yolov8s_rfd_nwd,,
64,2075.78,0.77632,0.6426,1.08403,0.74662,0.64847,0.69347,0.42458,1.22849,1.18032,1.48149,0.000235188,0.000235188,0.000235188,4_yolov8s_rfd_nwd,,
65,2107.72,0.77035,0.63404,1.08528,0.74657,0.63752,0.6925,0.42443,1.22364,1.16826,1.47635,0.000229,0.000229,0.000229,4_yolov8s_rfd_nwd,,
66,2139.83,0.76752,0.63577,1.08174,0.7548,0.63943,0.69416,0.42486,1.22798,1.17217,1.48397,0.000222813,0.000222813,0.000222813,4_yolov8s_rfd_nwd,,
67,2171.83,0.75673,0.6198,1.07419,0.75065,0.6425,0.69144,0.4231,1.22936,1.19275,1.48917,0.000216625,0.000216625,0.000216625,4_yolov8s_rfd_nwd,,
68,2203.82,0.7509,0.61731,1.07252,0.75745,0.62067,0.68816,0.42658,1.21998,1.1942,1.47255,0.000210437,0.000210437,0.000210437,4_yolov8s_rfd_nwd,,
69,2235.68,0.75041,0.61084,1.06552,0.72963,0.64068,0.68811,0.42771,1.21311,1.17806,1.46621,0.00020425,0.00020425,0.00020425,4_yolov8s_rfd_nwd,,
70,2267.44,0.7406,0.61054,1.06829,0.75201,0.63614,0.69392,0.42908,1.21316,1.17626,1.46353,0.000198063,0.000198063,0.000198063,4_yolov8s_rfd_nwd,,
71,2299.45,0.74623,0.60611,1.06457,0.73815,0.64006,0.69242,0.43186,1.21253,1.17898,1.4675,0.000191875,0.000191875,0.000191875,4_yolov8s_rfd_nwd,,
72,2331.51,0.73504,0.59994,1.06121,0.73197,0.65195,0.69393,0.4271,1.21524,1.17135,1.48083,0.000185688,0.000185688,0.000185688,4_yolov8s_rfd_nwd,,
73,2363.15,0.73325,0.5973,1.06433,0.75851,0.62918,0.69293,0.43077,1.21695,1.19758,1.47618,0.0001795,0.0001795,0.0001795,4_yolov8s_rfd_nwd,,
74,2394.95,0.73193,0.58833,1.06025,0.77751,0.62148,0.68873,0.42651,1.21605,1.1784,1.47643,0.000173313,0.000173313,0.000173313,4_yolov8s_rfd_nwd,,
75,2426.76,0.7272,0.59314,1.05587,0.76186,0.63318,0.68995,0.42751,1.21154,1.18502,1.48027,0.000167125,0.000167125,0.000167125,4_yolov8s_rfd_nwd,,
76,2458.58,0.71701,0.58299,1.05195,0.75834,0.62746,0.68792,0.4261,1.21505,1.20675,1.47482,0.000160938,0.000160938,0.000160938,4_yolov8s_rfd_nwd,,
77,2490.4,0.70611,0.57657,1.046,0.77227,0.62242,0.68884,0.42816,1.2183,1.20209,1.47914,0.00015475,0.00015475,0.00015475,4_yolov8s_rfd_nwd,,
78,2522.23,0.71357,0.57857,1.04462,0.75361,0.63701,0.68571,0.42699,1.22283,1.18358,1.4931,0.000148563,0.000148563,0.000148563,4_yolov8s_rfd_nwd,,
79,2554.37,0.70843,0.56474,1.04622,0.76884,0.62844,0.6933,0.4283,1.2202,1.18427,1.4842,0.000142375,0.000142375,0.000142375,4_yolov8s_rfd_nwd,,
80,2586.23,0.69964,0.5653,1.04218,0.75666,0.63701,0.69041,0.42706,1.22162,1.1869,1.49396,0.000136187,0.000136187,0.000136187,4_yolov8s_rfd_nwd,,
81,2617.96,0.69067,0.55376,1.03599,0.75912,0.63376,0.68895,0.42605,1.22039,1.18259,1.4949,0.00013,0.00013,0.00013,4_yolov8s_rfd_nwd,,
82,2649.95,0.68566,0.55601,1.0345,0.77566,0.62754,0.69056,0.42813,1.22435,1.18428,1.49039,0.000123812,0.000123812,0.000123812,4_yolov8s_rfd_nwd,,
83,2681.84,0.68262,0.54773,1.0309,0.7574,0.64209,0.69041,0.42764,1.22862,1.17988,1.49954,0.000117625,0.000117625,0.000117625,4_yolov8s_rfd_nwd,,
84,2713.69,0.68339,0.54315,1.03215,0.77148,0.62996,0.68937,0.42916,1.22558,1.18371,1.49954,0.000111438,0.000111438,0.000111438,4_yolov8s_rfd_nwd,,
85,2745.78,0.67362,0.53584,1.02327,0.7735,0.61797,0.69137,0.43311,1.22504,1.17637,1.50003,0.00010525,0.00010525,0.00010525,4_yolov8s_rfd_nwd,,
86,2777.45,0.67768,0.54334,1.03154,0.7649,0.62809,0.68916,0.43138,1.22489,1.18002,1.49633,9.90625e-05,9.90625e-05,9.90625e-05,4_yolov8s_rfd_nwd,,
87,2809.23,0.67726,0.54549,1.02885,0.75784,0.64236,0.69054,0.43068,1.2182,1.17986,1.4929,9.2875e-05,9.2875e-05,9.2875e-05,4_yolov8s_rfd_nwd,,
88,2841.31,0.66904,0.53444,1.02806,0.74512,0.63539,0.68884,0.42717,1.22808,1.18413,1.50454,8.66875e-05,8.66875e-05,8.66875e-05,4_yolov8s_rfd_nwd,,
89,2873.15,0.66272,0.52548,1.0242,0.7504,0.64211,0.68737,0.42986,1.22287,1.20132,1.49848,8.05e-05,8.05e-05,8.05e-05,4_yolov8s_rfd_nwd,,
90,2905.05,0.65611,0.51802,1.01601,0.75625,0.64488,0.69101,0.43101,1.21762,1.18602,1.49416,7.43125e-05,7.43125e-05,7.43125e-05,4_yolov8s_rfd_nwd,,
91,2948.51,0.61881,0.41614,0.97764,0.75127,0.62516,0.67816,0.42011,1.23249,1.18799,1.52278,6.8125e-05,6.8125e-05,6.8125e-05,4_yolov8s_rfd_nwd,,
92,2980.52,0.58366,0.37881,0.95817,0.76223,0.62579,0.68374,0.42367,1.22911,1.19441,1.51634,6.19375e-05,6.19375e-05,6.19375e-05,4_yolov8s_rfd_nwd,,
93,3012.49,0.57488,0.37159,0.95286,0.79218,0.61079,0.68243,0.42411,1.22798,1.20338,1.52309,5.575e-05,5.575e-05,5.575e-05,4_yolov8s_rfd_nwd,,
94,3044.17,0.56963,0.37025,0.94971,0.78397,0.61658,0.68329,0.42379,1.22592,1.21525,1.52283,4.95625e-05,4.95625e-05,4.95625e-05,4_yolov8s_rfd_nwd,,
95,3075.92,0.56716,0.36872,0.95064,0.78292,0.61167,0.68362,0.42587,1.22389,1.21789,1.52067,4.3375e-05,4.3375e-05,4.3375e-05,4_yolov8s_rfd_nwd,,
96,3108.07,0.55333,0.36037,0.94179,0.77162,0.6217,0.68498,0.42553,1.22872,1.21014,1.52911,3.71875e-05,3.71875e-05,3.71875e-05,4_yolov8s_rfd_nwd,,
97,3139.72,0.55177,0.36033,0.94127,0.78886,0.61224,0.68451,0.42657,1.22505,1.20527,1.52583,3.1e-05,3.1e-05,3.1e-05,4_yolov8s_rfd_nwd,,
98,3171.47,0.54957,0.35861,0.94192,0.77551,0.62318,0.68369,0.4274,1.22338,1.21037,1.51988,2.48125e-05,2.48125e-05,2.48125e-05,4_yolov8s_rfd_nwd,,
99,3203.28,0.54632,0.35627,0.94176,0.78923,0.61644,0.68747,0.42806,1.22274,1.20442,1.52464,1.8625e-05,1.8625e-05,1.8625e-05,4_yolov8s_rfd_nwd,,
100,3235.11,0.54339,0.35111,0.93722,0.76379,0.62933,0.68559,0.42777,1.22505,1.20841,1.52809,1.24375e-05,1.24375e-05,1.24375e-05,4_yolov8s_rfd_nwd,,
1,33.4353,1.21588,2.27239,1.39072,0.60567,0.55954,0.57306,0.33963,1.20193,1.68405,1.41139,0.000207225,0.000207225,0.000207225,5_full_ri_yolo,0.06297,0.0
2,66.6527,1.21147,1.66561,1.3975,0.56234,0.49788,0.51826,0.2926,1.30409,1.70481,1.51032,0.000411444,0.000411444,0.000411444,5_full_ri_yolo,0.07007,0.0
3,99.6806,1.25727,1.71127,1.46842,0.54974,0.47943,0.487,0.26314,1.37195,1.81985,1.59325,0.000611539,0.000611539,0.000611539,5_full_ri_yolo,0.10017,0.0
4,132.513,1.26695,1.72074,1.47982,0.54217,0.48156,0.48049,0.26976,1.33452,1.76545,1.56338,0.000606437,0.000606437,0.000606437,5_full_ri_yolo,0.10755,0.0
5,165.02,1.25075,1.64057,1.46265,0.60746,0.49415,0.52677,0.29898,1.31055,1.65734,1.54741,0.00060025,0.00060025,0.00060025,5_full_ri_yolo,0.09607,0.0
6,197.49,1.23058,1.5955,1.44879,0.61306,0.49639,0.52949,0.29962,1.32108,1.60668,1.54825,0.000594062,0.000594062,0.000594062,5_full_ri_yolo,0.06514,0.0
7,229.952,1.22015,1.5262,1.44217,0.65575,0.51478,0.5601,0.31596,1.31624,1.55439,1.5352,0.000587875,0.000587875,0.000587875,5_full_ri_yolo,0.04886,0.0
8,262.629,1.20195,1.46659,1.42723,0.60528,0.53597,0.56808,0.3265,1.27916,1.5083,1.50432,0.000581687,0.000581687,0.000581687,5_full_ri_yolo,0.0412,0.0
9,295.302,1.18309,1.44993,1.40882,0.64517,0.53607,0.58269,0.33427,1.29666,1.49032,1.52541,0.0005755,0.0005755,0.0005755,5_full_ri_yolo,0.0536,0.0
10,327.999,1.15939,1.40358,1.39379,0.65746,0.54939,0.59909,0.34722,1.26962,1.476,1.50389,0.000569313,0.000569313,0.000569313,5_full_ri_yolo,0.04426,0.0
11,360.761,1.15013,1.35992,1.38218,0.6306,0.55032,0.58138,0.3428,1.27709,1.5017,1.51159,0.000563125,0.000563125,0.000563125,5_full_ri_yolo,0.0516,0.0
12,393.626,1.14654,1.3099,1.3745,0.66781,0.57658,0.61086,0.35805,1.25933,1.43948,1.49293,0.000556938,0.000556938,0.000556938,5_full_ri_yolo,0.05301,0.0
13,426.228,1.13172,1.28401,1.36208,0.65393,0.59167,0.62148,0.36715,1.24744,1.36398,1.47236,0.00055075,0.00055075,0.00055075,5_full_ri_yolo,0.02567,0.0
14,458.923,1.11085,1.25893,1.34763,0.62743,0.58446,0.61027,0.35704,1.2548,1.39763,1.47861,0.000544563,0.000544563,0.000544563,5_full_ri_yolo,0.01579,0.0
15,491.646,1.10112,1.22524,1.33885,0.68999,0.57853,0.63267,0.37472,1.24568,1.33122,1.47448,0.000538375,0.000538375,0.000538375,5_full_ri_yolo,0.0139,0.0
16,524.29,1.0995,1.19916,1.33439,0.70677,0.59707,0.65039,0.3915,1.23369,1.28939,1.46504,0.000532187,0.000532187,0.000532187,5_full_ri_yolo,0.03833,0.0
17,557.149,1.09644,1.18602,1.33548,0.70376,0.58531,0.64675,0.38673,1.22672,1.31989,1.46306,0.000526,0.000526,0.000526,5_full_ri_yolo,0.03446,0.0
18,589.57,1.08272,1.15796,1.32014,0.69903,0.58201,0.64188,0.38446,1.24407,1.29516,1.45209,0.000519812,0.000519812,0.000519812,5_full_ri_yolo,0.03129,0.0
19,622.078,1.06375,1.13435,1.30383,0.67622,0.58692,0.63587,0.3763,1.26462,1.31746,1.48801,0.000513625,0.000513625,0.000513625,5_full_ri_yolo,0.03081,0.0
20,654.687,1.06306,1.13303,1.31498,0.69572,0.59569,0.64923,0.39094,1.23619,1.30611,1.46601,0.000507438,0.000507438,0.000507438,5_full_ri_yolo,0.01881,0.0
21,687.377,1.04926,1.11318,1.29697,0.67461,0.61843,0.66391,0.40281,1.22341,1.2294,1.44821,0.00050125,0.00050125,0.00050125,5_full_ri_yolo,0.01357,0.0
22,720.187,1.04712,1.07479,1.2908,0.69068,0.59877,0.64737,0.39133,1.22712,1.28325,1.45138,0.000495063,0.000495063,0.000495063,5_full_ri_yolo,0.02542,0.0
23,752.746,1.03056,1.06065,1.28138,0.68117,0.58541,0.64269,0.3866,1.22425,1.27572,1.45567,0.000488875,0.000488875,0.000488875,5_full_ri_yolo,0.02284,0.0
24,785.234,1.01907,1.03662,1.26995,0.70686,0.60426,0.66682,0.40412,1.21297,1.22617,1.44497,0.000482687,0.000482687,0.000482687,5_full_ri_yolo,0.02079,0.0
25,817.979,1.01594,1.02788,1.27218,0.71502,0.598,0.65605,0.39769,1.23358,1.24959,1.4586,0.0004765,0.0004765,0.0004765,5_full_ri_yolo,0.01018,0.0
26,850.471,1.00656,1.01001,1.26549,0.70084,0.60917,0.66167,0.40289,1.23061,1.24204,1.46391,0.000470312,0.000470312,0.000470312,5_full_ri_yolo,0.00644,0.0
27,883.102,1.00012,0.98028,1.24971,0.72107,0.61287,0.67008,0.40798,1.21465,1.23263,1.44695,0.000464125,0.000464125,0.000464125,5_full_ri_yolo,0.00564,0.0
28,915.831,0.98955,0.96116,1.24472,0.72031,0.60807,0.66684,0.40394,1.22515,1.23709,1.45285,0.000457938,0.000457938,0.000457938,5_full_ri_yolo,0.01041,0.0
29,948.441,0.98262,0.96784,1.24058,0.69616,0.61745,0.66193,0.40293,1.212,1.23679,1.43765,0.00045175,0.00045175,0.00045175,5_full_ri_yolo,0.00899,0.0
30,981.08,0.98317,0.95208,1.24186,0.7054,0.60685,0.65751,0.40003,1.23644,1.24007,1.46093,0.000445562,0.000445562,0.000445562,5_full_ri_yolo,0.02449,0.0
31,1013.55,0.96723,0.93449,1.22777,0.70941,0.61186,0.66502,0.39862,1.2368,1.23745,1.46887,0.000439375,0.000439375,0.000439375,5_full_ri_yolo,0.03093,0.0
32,1046.28,0.95749,0.92215,1.21914,0.70892,0.61855,0.67274,0.40796,1.23471,1.20394,1.46309,0.000433187,0.000433187,0.000433187,5_full_ri_yolo,0.07805,0.0
33,1078.84,0.9499,0.90812,1.2157,0.74275,0.60778,0.67382,0.40471,1.23105,1.23152,1.4624,0.000427,0.000427,0.000427,5_full_ri_yolo,0.02352,0.0
34,1111.24,0.95397,0.88896,1.21087,0.71191,0.62979,0.67142,0.40793,1.21344,1.19997,1.44395,0.000420812,0.000420812,0.000420812,5_full_ri_yolo,0.01401,0.0
35,1143.78,0.94181,0.88666,1.20698,0.72964,0.61491,0.68356,0.41429,1.23046,1.20784,1.46168,0.000414625,0.000414625,0.000414625,5_full_ri_yolo,0.01304,0.0
36,1176.91,0.9428,0.88223,1.20656,0.72045,0.62415,0.68073,0.41394,1.22611,1.19992,1.45276,0.000408438,0.000408438,0.000408438,5_full_ri_yolo,0.00773,0.0
37,1209.39,0.94558,0.85976,1.20027,0.72182,0.62104,0.67745,0.41507,1.21159,1.20075,1.43422,0.00040225,0.00040225,0.00040225,5_full_ri_yolo,0.00979,0.0
38,1242.01,0.91656,0.84058,1.18635,0.70881,0.63723,0.68079,0.41629,1.22137,1.20584,1.45323,0.000396063,0.000396063,0.000396063,5_full_ri_yolo,0.00454,0.0
39,1274.65,0.9208,0.83663,1.18903,0.75832,0.60047,0.67255,0.40999,1.22964,1.23617,1.46181,0.000389875,0.000389875,0.000389875,5_full_ri_yolo,0.00288,0.0
40,1307.07,0.9137,0.83822,1.18667,0.72518,0.63973,0.68862,0.42825,1.20221,1.18708,1.43425,0.000383688,0.000383688,0.000383688,5_full_ri_yolo,0.00566,0.0
41,1339.5,0.91294,0.83661,1.18351,0.74089,0.6143,0.68002,0.41363,1.23192,1.20486,1.45928,0.0003775,0.0003775,0.0003775,5_full_ri_yolo,0.00781,0.0
42,1372.03,0.90671,0.82316,1.17731,0.72246,0.62339,0.67734,0.41419,1.22523,1.20914,1.44346,0.000371313,0.000371313,0.000371313,5_full_ri_yolo,0.0022,0.0
43,1404.61,0.89434,0.8015,1.16837,0.73052,0.61864,0.67973,0.41734,1.21652,1.20633,1.44569,0.000365125,0.000365125,0.000365125,5_full_ri_yolo,0.00307,0.0
44,1437.14,0.88654,0.79779,1.16704,0.72851,0.6183,0.67302,0.41419,1.22641,1.2117,1.46572,0.000358938,0.000358938,0.000358938,5_full_ri_yolo,0.00218,0.0
45,1469.56,0.87212,0.77824,1.15894,0.73632,0.63086,0.68522,0.41671,1.2267,1.18595,1.46511,0.00035275,0.00035275,0.00035275,5_full_ri_yolo,0.00397,0.0
46,1501.95,0.87774,0.77793,1.15949,0.74497,0.60583,0.67609,0.41714,1.22042,1.1959,1.44944,0.000346563,0.000346563,0.000346563,5_full_ri_yolo,0.00171,0.0
47,1534.43,0.86022,0.75225,1.14752,0.73825,0.62634,0.69299,0.4237,1.2308,1.17375,1.46558,0.000340375,0.000340375,0.000340375,5_full_ri_yolo,0.00177,0.0
48,1567.04,0.86198,0.76423,1.14777,0.72933,0.63112,0.6852,0.42193,1.22259,1.16787,1.45699,0.000334188,0.000334188,0.000334188,5_full_ri_yolo,0.00143,0.0
49,1599.43,0.85898,0.75188,1.14799,0.74762,0.6161,0.68584,0.42406,1.22476,1.19089,1.46086,0.000328,0.000328,0.000328,5_full_ri_yolo,0.0007,0.0
50,1631.97,0.84845,0.73478,1.13456,0.73849,0.63412,0.6774,0.41558,1.22329,1.19377,1.46288,0.000321812,0.000321812,0.000321812,5_full_ri_yolo,0.00575,0.0
51,1664.54,0.85256,0.73293,1.1399,0.72345,0.64016,0.69043,0.42785,1.22142,1.16752,1.46425,0.000315625,0.000315625,0.000315625,5_full_ri_yolo,0.0084,0.0
52,1696.99,0.83857,0.72824,1.13365,0.74124,0.62641,0.68769,0.42678,1.21669,1.18687,1.46316,0.000309437,0.000309437,0.000309437,5_full_ri_yolo,0.00273,0.0
53,1729.55,0.83753,0.72916,1.13039,0.73905,0.62538,0.68463,0.42756,1.21478,1.18332,1.4587,0.00030325,0.00030325,0.00030325,5_full_ri_yolo,0.001,0.0
54,1762.1,0.82911,0.71726,1.12895,0.72939,0.63207,0.68093,0.42028,1.23256,1.19247,1.48153,0.000297063,0.000297063,0.000297063,5_full_ri_yolo,0.00098,0.0
55,1794.54,0.81916,0.70335,1.12255,0.77098,0.62135,0.69003,0.42511,1.21638,1.17561,1.45621,0.000290875,0.000290875,0.000290875,5_full_ri_yolo,0.00319,0.0
56,1827.04,0.81805,0.70135,1.11648,0.75528,0.61844,0.68389,0.42096,1.22968,1.19996,1.47306,0.000284688,0.000284688,0.000284688,5_full_ri_yolo,0.0016,0.0
57,1859.35,0.8174,0.6937,1.11747,0.7461,0.62218,0.67989,0.41294,1.24046,1.20412,1.4937,0.0002785,0.0002785,0.0002785,5_full_ri_yolo,0.00131,0.0
58,1891.72,0.80987,0.68234,1.11019,0.77355,0.62061,0.69594,0.42714,1.21977,1.15701,1.46293,0.000272313,0.000272313,0.000272313,5_full_ri_yolo,0.00173,0.0
59,1924.3,0.79729,0.6738,1.1092,0.73941,0.63617,0.68513,0.42087,1.22302,1.16946,1.47737,0.000266125,0.000266125,0.000266125,5_full_ri_yolo,0.00057,0.0
60,1956.64,0.79558,0.67043,1.10134,0.76912,0.61841,0.6854,0.42074,1.22156,1.17587,1.46757,0.000259938,0.000259938,0.000259938,5_full_ri_yolo,0.00234,0.0
61,1989.24,0.78461,0.6621,1.09523,0.74635,0.6232,0.68331,0.42236,1.22857,1.18695,1.47035,0.00025375,0.00025375,0.00025375,5_full_ri_yolo,0.00065,0.0
62,2021.53,0.78412,0.65892,1.0913,0.75634,0.63242,0.69299,0.42839,1.22037,1.15686,1.46896,0.000247563,0.000247563,0.000247563,5_full_ri_yolo,0.00186,0.0
63,2054.05,0.78102,0.65698,1.09732,0.78474,0.61064,0.68532,0.42566,1.21962,1.18773,1.47135,0.000241375,0.000241375,0.000241375,5_full_ri_yolo,0.00126,0.0
64,2086.54,0.77571,0.63711,1.08295,0.75013,0.62702,0.6814,0.42182,1.2185,1.18269,1.47177,0.000235188,0.000235188,0.000235188,5_full_ri_yolo,0.00204,0.0
65,2118.99,0.76464,0.63175,1.08141,0.75882,0.61578,0.68642,0.42218,1.21629,1.17559,1.46529,0.000229,0.000229,0.000229,5_full_ri_yolo,0.00254,0.0
66,2151.57,0.7672,0.63648,1.08095,0.74994,0.62951,0.68318,0.42256,1.22516,1.17387,1.47799,0.000222813,0.000222813,0.000222813,5_full_ri_yolo,0.00329,0.0
67,2183.94,0.758,0.61849,1.07387,0.75503,0.62012,0.68125,0.42055,1.2224,1.18599,1.47273,0.000216625,0.000216625,0.000216625,5_full_ri_yolo,0.00236,0.0
68,2216.56,0.74957,0.6199,1.07128,0.71866,0.64433,0.68546,0.4257,1.21215,1.20302,1.4628,0.000210437,0.000210437,0.000210437,5_full_ri_yolo,0.0013,0.0
69,2249.01,0.75269,0.61507,1.06711,0.72854,0.63097,0.68078,0.42159,1.22186,1.18506,1.46984,0.00020425,0.00020425,0.00020425,5_full_ri_yolo,0.00299,0.0
70,2281.64,0.74563,0.61124,1.07381,0.76702,0.62289,0.6886,0.42708,1.21673,1.18694,1.47797,0.000198063,0.000198063,0.000198063,5_full_ri_yolo,0.00091,0.0
71,2314.2,0.75083,0.60755,1.0689,0.73142,0.65172,0.69368,0.43508,1.21206,1.16437,1.46738,0.000191875,0.000191875,0.000191875,5_full_ri_yolo,0.00152,0.0
72,2346.47,0.73378,0.59919,1.05943,0.75755,0.62453,0.68595,0.42561,1.2265,1.19071,1.48183,0.000185688,0.000185688,0.000185688,5_full_ri_yolo,0.00495,0.0
73,2378.81,0.73386,0.60036,1.06548,0.75796,0.63295,0.69073,0.42901,1.22196,1.18947,1.48022,0.0001795,0.0001795,0.0001795,5_full_ri_yolo,0.00456,0.0
74,2411.28,0.73129,0.58834,1.05883,0.7617,0.63161,0.6856,0.42385,1.2291,1.20036,1.49093,0.000173313,0.000173313,0.000173313,5_full_ri_yolo,0.00208,0.0
75,2443.7,0.73095,0.5975,1.05645,0.73732,0.63745,0.68784,0.43072,1.21602,1.17505,1.47785,0.000167125,0.000167125,0.000167125,5_full_ri_yolo,0.00087,0.0
76,2476.21,0.71891,0.58222,1.05231,0.75453,0.62849,0.69175,0.43195,1.22141,1.19351,1.47313,0.000160938,0.000160938,0.000160938,5_full_ri_yolo,0.0008,0.0
77,2508.63,0.70545,0.57449,1.04854,0.74849,0.6296,0.68807,0.42946,1.21871,1.17752,1.47802,0.00015475,0.00015475,0.00015475,5_full_ri_yolo,0.00365,0.0
78,2541.07,0.71662,0.58018,1.04768,0.77821,0.6176,0.68661,0.42677,1.22079,1.18846,1.48566,0.000148563,0.000148563,0.000148563,5_full_ri_yolo,0.00289,0.0
79,2573.45,0.70908,0.57001,1.04704,0.74158,0.64019,0.68688,0.42799,1.22108,1.18629,1.48637,0.000142375,0.000142375,0.000142375,5_full_ri_yolo,0.00191,0.0
80,2606.08,0.70103,0.56779,1.04196,0.78339,0.61807,0.68581,0.42779,1.21998,1.17976,1.49435,0.000136187,0.000136187,0.000136187,5_full_ri_yolo,0.00257,0.0
81,2642.37,0.69188,0.55708,1.0365,0.76159,0.63937,0.68999,0.43078,1.21764,1.18498,1.48425,0.00013,0.00013,0.00013,5_full_ri_yolo,0.00458,0.0
82,2679.23,0.68903,0.5539,1.03495,0.75716,0.63363,0.6873,0.42983,1.22725,1.18959,1.49406,0.000123812,0.000123812,0.000123812,5_full_ri_yolo,0.00371,0.0
83,2717.43,0.68821,0.5482,1.03059,0.75275,0.64585,0.69191,0.43118,1.22286,1.184,1.4859,0.000117625,0.000117625,0.000117625,5_full_ri_yolo,0.00432,0.0
84,2753.73,0.68298,0.54353,1.02899,0.76295,0.62362,0.68564,0.42667,1.21899,1.1938,1.48988,0.000111438,0.000111438,0.000111438,5_full_ri_yolo,0.00363,0.0
85,2789.32,0.67644,0.53347,1.02525,0.75987,0.63229,0.68753,0.42893,1.22391,1.19465,1.49391,0.00010525,0.00010525,0.00010525,5_full_ri_yolo,0.00288,0.0
86,2824.89,0.67614,0.54254,1.02978,0.7483,0.63427,0.68194,0.42707,1.22049,1.2053,1.49333,9.90625e-05,9.90625e-05,9.90625e-05,5_full_ri_yolo,0.00319,0.0
87,2861.0,0.67577,0.54496,1.02766,0.77123,0.62596,0.69051,0.43094,1.22208,1.19056,1.49401,9.2875e-05,9.2875e-05,9.2875e-05,5_full_ri_yolo,0.0057,0.0
88,2898.31,0.66784,0.53118,1.0257,0.77216,0.62265,0.68826,0.4294,1.22236,1.19092,1.49893,8.66875e-05,8.66875e-05,8.66875e-05,5_full_ri_yolo,0.00377,0.0
89,2932.51,0.65807,0.52817,1.02342,0.75702,0.63161,0.68797,0.42838,1.22659,1.20141,1.50049,8.05e-05,8.05e-05,8.05e-05,5_full_ri_yolo,0.00289,0.0
90,2966.71,0.653,0.51817,1.01704,0.76705,0.63789,0.6919,0.43148,1.22125,1.19422,1.50122,7.43125e-05,7.43125e-05,7.43125e-05,5_full_ri_yolo,0.00318,0.0
91,3012.6,0.61765,0.41771,0.9767,0.75623,0.63396,0.68461,0.4243,1.2329,1.18684,1.51994,6.8125e-05,6.8125e-05,6.8125e-05,5_full_ri_yolo,0.00395,0.0
92,3045.97,0.58601,0.38252,0.95742,0.77002,0.63021,0.69009,0.42747,1.23041,1.17731,1.5156,6.19375e-05,6.19375e-05,6.19375e-05,5_full_ri_yolo,0.00449,0.0
93,3079.34,0.578,0.37523,0.95446,0.76236,0.63278,0.68697,0.42756,1.22681,1.2122,1.51012,5.575e-05,5.575e-05,5.575e-05,5_full_ri_yolo,0.00477,0.0
94,3112.53,0.56918,0.37338,0.94683,0.77502,0.62911,0.68867,0.43039,1.2233,1.19079,1.51099,4.95625e-05,4.95625e-05,4.95625e-05,5_full_ri_yolo,0.00659,0.0
95,3145.91,0.5674,0.3716,0.95093,0.76416,0.6281,0.6907,0.43005,1.2218,1.1956,1.51143,4.3375e-05,4.3375e-05,4.3375e-05,5_full_ri_yolo,0.00634,0.0
96,3179.38,0.55903,0.36212,0.94319,0.77391,0.62378,0.69019,0.43201,1.22086,1.19575,1.50779,3.71875e-05,3.71875e-05,3.71875e-05,5_full_ri_yolo,0.0057,0.0
97,3212.73,0.5543,0.36352,0.94278,0.77081,0.63418,0.69078,0.43128,1.22326,1.19571,1.51726,3.1e-05,3.1e-05,3.1e-05,5_full_ri_yolo,0.00597,0.0
98,3246.14,0.55509,0.36068,0.9441,0.77721,0.62512,0.68962,0.43127,1.22118,1.2066,1.51162,2.48125e-05,2.48125e-05,2.48125e-05,5_full_ri_yolo,0.00496,0.0
99,3279.35,0.54767,0.35872,0.94234,0.76296,0.63515,0.68944,0.43092,1.22002,1.20756,1.51722,1.8625e-05,1.8625e-05,1.8625e-05,5_full_ri_yolo,0.0061,0.0
100,3312.68,0.54386,0.35353,0.936,0.77002,0.62631,0.68989,0.43149,1.22009,1.19634,1.52069,1.24375e-05,1.24375e-05,1.24375e-05,5_full_ri_yolo,0.00565,0.0
